Title,Molecule,Target,pIC50
CHEMBL81485,CNCC1CC2c3ccccc3Cc4ccccc4N2O1,A2a,6.36
CHEMBL83658,CN(C)CC1CC2c3ccccc3Cc4ccccc4N2O1,A2a,6.43
CHEMBL6437,CN1CCN2c3ccccc3Cc4ccccc4C2C1,A2a,7.525
CHEMBL315772,CN(C)CC1CC2c3ccccc3Cc4ccc(cc4N2O1)Cl,A2a,6.32
CHEMBL133455,CC(Cc1c[nH]c2c1c3c(cc2)OCCC3)N,A2a,4.72
CHEMBL138809,COC1c2ccccc2C3(O1)CCN(CC3)Cc4ccccc4,A2a,5.21
CHEMBL138458,COC1Cc2ccccc2C3(O1)CCN(CC3)CCCc4ccccc4,A2a,5.51
CHEMBL141209,COC1Cc2ccccc2C3(O1)CCN(CC3)Cc4ccccc4,A2a,5.52
CHEMBL162436,c1ccc(cc1)Cc2c(c(=O)n3ccccc3n2)CCN4CCc5c(c6ccccc6o5)C4,A2a,8.66
CHEMBL164612,Cc1c(c(=O)n2ccccc2n1)CCN3CCc4c(c5cccc(c5o4)Cl)C3,A2a,9.05
CHEMBL162490,Cc1c(c(=O)n2cccc(c2n1)OC)CCN3CCc4c(c5ccccc5o4)C3,A2a,9.53
CHEMBL351483,Cc1c(c(=O)n2cc(ccc2n1)Cl)CCN3CCc4c(c5ccccc5o4)C3,A2a,9.67
CHEMBL165677,Cc1c(c(=O)n2ccccc2n1)CCN3CCc4c(c5cc(ccc5o4)Cl)C3,A2a,8.41
CHEMBL165350,Cc1c(c(=O)n2cc(ccc2n1)Br)CCN3CCc4c(c5ccccc5o4)C3,A2a,9.45
CHEMBL165796,Cc1ccn2c(c1)nc(c(c2=O)CCN3CCc4c(c5ccccc5o4)C3)C,A2a,9.35
CHEMBL162058,Cc1c(c(=O)n2cc(c(cc2n1)OC)OC)CCN3CCc4c(c5ccccc5o4)C3,A2a,8.45
CHEMBL162501,Cc1c(c(=O)n2ccccc2n1)CCN3CCc4c(c5ccccc5o4)C3,A2a,9.26
CHEMBL165776,Cc1c(c(=O)n2ccccc2n1)CCCN3CCc4c(c5ccccc5o4)C3,A2a,7.99
CHEMBL162826,Cc1c(c(=O)n2cccc(c2n1)O)CCN3CCc4c(c5ccccc5o4)C3,A2a,9.16
CHEMBL10316,c1ccc2c(c1)OCC(O2)C3=NCCN3,A2a,8.08
CHEMBL163247,Cc1c(c(=O)n2cc(cc(c2n1)Cl)Cl)CCN3CCc4c(c5ccccc5o4)C3,A2a,9.23
CHEMBL162232,Cc1cc(n2c(c1)nc(c(c2=O)CCN3CCc4c(c5ccccc5o4)C3)C)C,A2a,9.47
CHEMBL351200,Cc1cccn2c1nc(c(c2=O)CCN3CCc4c(c5ccccc5o4)C3)C,A2a,9.22
CHEMBL162147,Cc1c(c(=O)n2cc(cc(c2n1)Cl)C(F)(F)F)CCN3CCc4c(c5ccccc5o4)C3,A2a,8.93
CHEMBL162682,Cc1c(c(=O)n2cc(ccc2n1)I)CCN3CCc4c(c5ccccc5o4)C3,A2a,9.62
CHEMBL165181,Cc1c(c(=O)n2ccccc2n1)CCN3CCc4c(c5ccccc5s4)C3,A2a,8.76
CHEMBL654,CN1CCN2c3c(cccn3)Cc4ccccc4C2C1,A2a,7.07
CHEMBL162370,Cc1ccc2nc(c(c(=O)n2c1)CCN3CCc4c(c5ccccc5o4)C3)C,A2a,9.46
CHEMBL163190,Cc1cccc2n1c(=O)c(c(n2)C)CCN3CCc4c(c5ccccc5o4)C3,A2a,9.54
CHEMBL84931,CN(C)CC1CC2c3ccccc3Cc4ccc(cc4N2O1)F,A2a,6.3
CHEMBL544765,c1ccc2c(c1)cccc2Cc3c[nH]cn3,A2a,5.52
CHEMBL306751,CC(c1cccc2c1cccc2)c3c[nH]cn3,A2a,5.28
CHEMBL542155,c1ccc2c(c1)cccc2C(c3c[nH]cn3)O,A2a,4.21
CHEMBL77921,Cc1cccc(c1C)C(C)c2c[nH]cn2,A2a,5.47
CHEMBL346389,c1cc(ccc1N2CCN(CC2)Cc3ccc4c(c3)OCC(=O)N4)Cl,A2a,5.96
CHEMBL180003,CN(C)c1c2ccccc2nc(n1)NC3CCC(CC3)NS(=O)(=O)c4ccc(cc4OC(F)(F)F)Br,A2a,7.24
CHEMBL360081,CN(C)c1c2ccccc2nc(n1)NC3CCC(CC3)NC(=O)c4cc(cc(c4)OC)OC,A2a,7.15
CHEMBL181184,CN(C)c1c2ccccc2nc(n1)NC3CCC(CC3)NC(=O)c4ccc(cc4OC(F)(F)F)Br,A2a,6.41
CHEMBL359510,CN(C)c1c2ccccc2nc(n1)NC3CCC(CC3)NC(=O)c4cccc(c4)Br,A2a,7.2
CHEMBL367355,CN(C)c1c2ccccc2nc(n1)NCC3CCC(CC3)CNC(=O)c4ccc(cc4OC(F)(F)F)Br,A2a,8.0
CHEMBL360117,CN(C)c1c2ccccc2nc(n1)NCC3CCC(CC3)CNCc4ccc(cc4OC(F)(F)F)Br,A2a,7.51
CHEMBL178084,CN(C)c1c2ccccc2nc(n1)NC3CCC(CC3)NCc4ccc(cc4OC(F)(F)F)Br,A2a,6.77
CHEMBL180962,Cc1cccc(c1)C(=O)NC2CCC(CC2)Nc3nc4ccccc4c(n3)N(C)C,A2a,6.96
CHEMBL181632,CN(C)c1c2ccccc2nc(n1)NC3CCC(CC3)NC(=O)c4cccc(c4)C(F)(F)F,A2a,7.22
CHEMBL182235,CN(C)c1c2ccccc2nc(n1)NCC3CCC(CC3)CN(C)Cc4ccc(cc4OC(F)(F)F)Br,A2a,7.36
CHEMBL360876,CN(C)c1c2ccccc2nc(n1)NC3CCN(CC3)Cc4ccc(cc4OC(F)(F)F)Br,A2a,6.28
CHEMBL362193,CN(C)c1c2ccccc2nc(n1)NC3CCC(CC3)NC(=O)c4cccc(c4)F,A2a,6.89
CHEMBL181099,CN(C)c1c2ccccc2nc(n1)NC3CCC(CC3)NC(=O)c4cccc(c4)C#N,A2a,6.82
CHEMBL181393,CN(C)c1c2ccccc2nc(n1)NC3CCC(CC3)CNC(=O)c4ccc(cc4OC(F)(F)F)Br,A2a,6.24
CHEMBL537846,CN(C)c1c2ccccc2nc(n1)NCC3CCC(CC3)CNS(=O)(=O)c4ccc(cc4OC(F)(F)F)Br,A2a,8.11
CHEMBL181466,CN(C)c1c2ccccc2nc(n1)NC3CCC(CC3)CNCc4ccc(cc4OC(F)(F)F)Br,A2a,6.44
CHEMBL181217,CN(C)c1c2ccccc2nc(n1)NC3CCC(CC3)CNS(=O)(=O)c4ccc(cc4OC(F)(F)F)Br,A2a,6.89
CHEMBL361442,CN(C)c1c2ccccc2nc(n1)NC3CCC(CC3)NC(=O)c4ccc(cc4)F,A2a,6.82
CHEMBL179878,CN(C)c1c2ccccc2nc(n1)NC3CCC(CC3)NC(=O)c4cccc(c4)Cl,A2a,7.12
CHEMBL181383,CN(C)c1c2ccccc2nc(n1)NC3CCC(CC3)NC(=O)c4cccc(c4)[N+](=O)[O-],A2a,7.01
CHEMBL360671,CN(C)c1c2ccccc2nc(n1)NC3CCN(CC3)S(=O)(=O)c4ccc(cc4OC(F)(F)F)Br,A2a,6.77
CHEMBL182150,CN(C)c1c2ccccc2nc(n1)NC3CCC(CC3)NC(=O)c4ccc(c(c4)F)F,A2a,6.785
CHEMBL362400,CN(C)c1c2ccccc2nc(n1)NC3CCC(CC3)NC(=O)c4ccc(c(c4)Cl)Cl,A2a,7.33
CHEMBL360159,CN(C)c1c2ccccc2nc(n1)NC3CCC(CC3)NC(=O)c4ccc(c(c4F)F)F,A2a,6.7
CHEMBL181727,CN(C)c1c2ccccc2nc(n1)NCC3CCC(CC3)CN(C)S(=O)(=O)c4ccc(cc4OC(F)(F)F)Br,A2a,7.47
CHEMBL17645,c1ccc2c(c1)cccc2S(=O)(=O)NCC3CCC(CC3)CNc4nc5ccccc5c(n4)N,A2a,7.01
CHEMBL192266,c1ccc2c(c1)c(nc(n2)NCC3CCC(CC3)CNS(=O)(=O)c4ccc(cc4OC(F)(F)F)Br)N,A2a,7.0
CHEMBL425012,c1ccc2c(c1)cnc(n2)NCC3CCC(CC3)CNS(=O)(=O)c4ccc(cc4OC(F)(F)F)Br,A2a,6.85
CHEMBL195123,CN(C)c1c2ccccc2nc(n1)NCC3CCC(CC3)CNS(=O)(=O)C,A2a,7.07
CHEMBL193666,CCCCS(=O)(=O)NCC1CCC(CC1)CNc2nc3ccccc3c(n2)N(C)C,A2a,7.24
CHEMBL193970,CN(C)c1c2ccccc2nc(n1)NCC3CCC(CC3)NS(=O)(=O)c4ccc(cc4OC(F)(F)F)Br,A2a,7.68
CHEMBL195810,c1ccc2c(c1)cnc(n2)NC3CCC(CC3)CNS(=O)(=O)c4ccc(cc4OC(F)(F)F)Br,A2a,6.89
CHEMBL195346,c1ccc2c(c1)cnc(n2)NC3CCC(CC3)NS(=O)(=O)c4ccc(cc4OC(F)(F)F)Br,A2a,7.24
CHEMBL194173,CN(C)c1c2ccccc2nc(n1)NCC3CCN(CC3)S(=O)(=O)c4ccc(cc4OC(F)(F)F)Br,A2a,8.25
CHEMBL493091,CN(C)CCCOc1ccc(cc1Br)CCNC(=O)c2cc(c[nH]2)Br,A2a,6.73
CHEMBL461571,Cc1c(c2ccc(cc2n1Cc3cccc(c3)OC(C)C(=O)O)OC(F)(F)F)C(=O)c4ccc(cc4)Cl,A2a,5.78
CHEMBL257991,c1ccc(c(c1)c2cn3c(csc3n2)CN4CCNCC4)NC(=O)c5cnc6ccccc6n5,A2a,5.55
CHEMBL470432,CCCN1CCC(CC1)COc2c3cccn3c4c(csc4n2)C,A2a,6.05
CHEMBL475969,CC1=C(c2cc(ccc2C1)S(=O)(=O)Nc3cccc4c3cccc4)CCN(C)C,A2a,5.96
CHEMBL477650,CC1=C(c2cc(ccc2C1)NS(=O)(=O)c3csc4c3cccc4)CCN(C)C,A2a,6.16
CHEMBL584606,Cc1ccc(cc1)N2CCN(CC2)CCCn3c(=O)c(c(c(n3)C)C=C)N,A2a,6.5
CHEMBL537669,COC(=O)C1C(CCC2C1CC3c4c(c5ccccc5[nH]4)CCN3C2)O,A2a,8.44
CHEMBL584554,CCN(CC)C(=O)C1CN(C2Cc3c[nH]c4c3c(ccc4)C2=C1)C(=O)Nc5ccccc5,A2a,5.71
CHEMBL567791,Cc1cc(nc(n1)NC2CCC(CC2)NC(=O)c3ccc(cc3)Cl)N(C)C,A2a,6.14
CHEMBL568400,Cc1cc(nc(n1)NC2CCC(CC2)NC(=O)c3ccc(c(c3)Cl)Cl)N(C)C,A2a,6.89
CHEMBL583014,Cc1cc(nc(n1)NC2CCC(CC2)NC(=O)c3cc(cc(c3)C(F)(F)F)C(F)(F)F)N(C)C,A2a,6.7
CHEMBL567993,Cc1cccc(c1)C(=O)NC2CCC(CC2)Nc3ncc(c(n3)N(C)C)C,A2a,6.24
CHEMBL578170,Cc1ccc(cc1)C(=O)NC2CCC(CC2)Nc3ncc(c(n3)N(C)C)C,A2a,5.75
CHEMBL565551,Cc1cnc(nc1N(C)C)NC2CCC(CC2)NC(=O)c3ccc(cc3)F,A2a,6.33
CHEMBL577912,Cc1cnc(nc1N(C)C)NC2CCC(CC2)NC(=O)c3ccc(cc3)Cl,A2a,5.8
CHEMBL577904,Cc1cnc(nc1N(C)C)NC2CCC(CC2)CNC(=O)c3ccc(c(c3)F)F,A2a,6.68
CHEMBL566075,Cc1cnc(nc1N(C)C)NC2CCC(CC2)CNC(=O)c3cc(cc(c3)C(F)(F)F)C(F)(F)F,A2a,6.51
CHEMBL605938,c1cc2c(cc1NS(=O)(=O)c3c(nc4n3ccs4)Cl)C(=CC2)C5CCNC5,A2a,6.05
CHEMBL593889,CC1=C(c2cc(ccc2C1)NS(=O)(=O)c3c(nc4n3ccs4)Cl)C5CCCN(C5)C,A2a,5.92
CHEMBL1083787,c1cc(ccc1c2ccc(cn2)NC(=O)NCCCCN3CCCCC3)F,A2a,4.46
CHEMBL221753,CC(C)(C)CC(C)(C)c1ccc(cc1)OCCOCC[N+](C)(C)Cc2ccccc2,A2a,5.51
CHEMBL493,CC(C)CC1C(=O)N2CCCC2C3(N1C(=O)C(O3)(C(C)C)NC(=O)C4CN(C5Cc6c7c(cccc7[nH]c6Br)C5=C4)C)O,A2a,7.82
CHEMBL990,CC(C)(C)c1ccc(cc1)CN(C)Cc2cccc3c2cccc3,A2a,5.44
CHEMBL508112,c1ccc2c(c1)nc(s2)SSc3nc4ccccc4s3,A2a,6.05
CHEMBL290106,c1c(cc(c(c1Sc2cc(cc(c2O)Cl)Cl)O)Cl)Cl,A2a,5.42
CHEMBL1201203,CN1C2CCC1CC(C2)OC(c3ccccc3)c4ccccc4,A2a,6.26
CHEMBL296419,COc1ccc(cc1)CCN2CCC(CC2)Nc3nc4ccccc4n3Cc5ccc(cc5)F,A2a,5.32
CHEMBL13462,CC(=O)NC(Cc1ccc(cc1)OP(=O)(O)O)C(=O)NC(CCC(=O)O)C(=O)N(C)CCCC2CCCCC2,ABL1,5.1
CHEMBL414123,CCC(C)C(C(=O)NC(Cc1ccc(cc1)O)C(=O)NC(CC(C)C)C(=O)O)NC(=O)C2CCCN2C(=O)C(C(C)CC)NC(=O)C(CCC(=O)O)NC(=O)C(CCC(=O)O)NC(=O)C(Cc3ccc(cc3)OP(=O)(O)O)NC(=O)C(CCC(=O)N)NC(=O)C4CCCN4C(=O)C(CCC(=O)O)N,ABL1,5.18
CHEMBL413629,CCC(C)C(C(=O)NC(Cc1ccc(cc1)O)C(=O)NC(CC(C)C)C(=O)O)NC(=O)C2CCCN2C(=O)C(C(C)CC)NC(=O)C(CCC(=O)O)NC(=O)C(CCC(=O)O)NC(=O)C(Cc3ccc(cc3)C(F)(F)P(=O)(O)O)NC(=O)C(CCC(=O)N)NC(=O)C4CCCN4C(=O)C(CCC(=O)O)N,ABL1,5.31
CHEMBL301845,CCC(C(=O)N(C)CCCC1CCCCC1)NC(=O)C(Cc2ccc(cc2)OP(=O)(O)O)NC(=O)C,ABL1,4.41
CHEMBL58478,CC(=O)NC(Cc1ccc(cc1)C(F)(F)P(=O)(O)O)C(=O)NC(CCC(=O)O)C(=O)N(C)CCCC2CCCCC2,ABL1,5.725
CHEMBL298813,CCC(C(=O)N(C)CCCC1CCCCC1)NC(=O)C(Cc2ccc(cc2)C(F)(F)P(=O)(O)O)NC(=O)C,ABL1,5.6
CHEMBL293803,CC(=O)NC(Cc1ccc(cc1)OP(=O)(O)O)C(=O)NC(CCC(=O)O)C(=O)NC(CCC2CCCCC2)C(=O)N,ABL1,5.235
CHEMBL294692,CC(=O)NC(Cc1ccc(cc1)C(F)(F)P(=O)(O)O)C(=O)NC(CCC(=O)O)C(=O)NC(CCC2CCCCC2)C(=O)N,ABL1,5.885
CHEMBL294420,CCC(C)C(C(=O)NC(CCC(=O)O)C(=O)O)NC(=O)C(CCC(=O)O)NC(=O)C(CCC(=O)O)NC(=O)C(Cc1ccc(cc1)C(F)(F)P(=O)(O)O)NC(=O)C,ABL1,5.6
CHEMBL299477,CCC(C)C(C(=O)NC(CCC(=O)O)C(=O)O)NC(=O)C(CCC(=O)O)NC(=O)C(CCC(=O)O)NC(=O)C(Cc1ccc(cc1)OP(=O)(O)O)NC(=O)C,ABL1,4.96
CHEMBL57393,CC(=O)NC(Cc1ccc(cc1)P(=O)(O)O)C(=O)NC(CCC(=O)O)C(=O)N(C)CCCC2CCCCC2,ABL1,4.85
CHEMBL58421,CCC(C(=O)N(C)CCCC1CCCCC1)NC(=O)C(Cc2ccc(cc2)P(=O)(O)O)NC(=O)C,ABL1,4.715
CHEMBL56697,CCC(C)C(C(=O)NC(CCC(=O)O)C(=O)O)NC(=O)C(CCC(=O)O)NC(=O)C(CCC(=O)O)NC(=O)C(Cc1ccc(cc1)P(=O)(O)O)NC(=O)C,ABL1,4.66
CHEMBL80030,CN(C)CC(=C)C(=O)c1ccc(cc1)OS(=O)(=O)c2ccc(cc2)C(=O)O,ABL1,4.3
CHEMBL44,c1cc(ccc1c2coc3cc(cc(c3c2=O)O)O)O,ABL1,5.0
CHEMBL552634,CN(C)CC(=C)C(=O)c1ccc(cc1)OS(=O)(=O)c2ccc(cc2)C(=O)N(C)C,ABL1,4.16
CHEMBL325023,Cc1c(sc(n1)C)c2c3c(n[nH]2)-c4cccc(c4C3=O)NC(=O)NN5CCN(CC5)C,ABL1,4.75
CHEMBL60816,c1ccnc(c1)c2ccnc(n2)Nc3cccc(c3)[N+](=O)[O-],ABL1,5.92
CHEMBL20867,Cc1ccc(cc1)C(=O)Nc2ccc(c(c2)Nc3nccc(n3)c4cccnc4)C,ABL1,7.2
CHEMBL941,Cc1ccc(cc1Nc2nccc(n2)c3cccnc3)NC(=O)c4ccc(cc4)CN5CCN(CC5)C,ABL1,6.5963335
CHEMBL21162,Cc1ccc(cc1Nc2nccc(n2)c3cccnc3)NC(=O)c4ccc(cc4)Cl,ABL1,6.1
CHEMBL300817,c1cc(cc(c1)Cl)Nc2nccc(n2)c3cccnc3,ABL1,5.82
CHEMBL277931,c1ccc(cc1)C(=O)Nc2cccc(c2)Nc3nccc(n3)c4cccnc4,ABL1,6.4
CHEMBL57556,c1cc(cc(c1)Nc2nccc(n2)c3cccnc3)C(=O)O,ABL1,5.1
CHEMBL20252,Cc1ccc(cc1Nc2nccc(n2)c3cccnc3)NC(=O)c4ccc5ccccc5c4,ABL1,6.7
CHEMBL423288,Cc1ccc(cc1Nc2nccc(n2)c3cccnc3)NC(=O)C,ABL1,5.24
CHEMBL418279,c1cc(cc(c1)NC(=O)c2ccc(cc2)F)Nc3nccc(n3)c4cccnc4,ABL1,6.7
CHEMBL55683,c1cc(cc(c1)[N+](=O)[O-])Nc2nccc(n2)c3ccncc3,ABL1,4.22
CHEMBL59099,c1cc(cc(c1)Nc2nccc(n2)c3cccnc3)C(=O)NCCCN,ABL1,6.4
CHEMBL57443,c1cc(cc(c1)Nc2nccc(n2)c3ccncc3)N,ABL1,6.22
CHEMBL56669,CCCCCC(=O)Nc1cccc(c1)Nc2nccc(n2)c3cccnc3,ABL1,6.7
CHEMBL58436,c1cc(cc(c1)OCCn2ccnc2)Nc3nccc(n3)c4cccnc4,ABL1,6.0
CHEMBL59036,Cc1ccc(cc1)C(=O)Nc2cccc(c2)Nc3nccc(n3)c4cccnc4,ABL1,6.0
CHEMBL299707,COc1ccccc1C(=O)Nc2cccc(c2)Nc3nccc(n3)c4cccnc4,ABL1,5.72
CHEMBL291963,c1cc(cc(c1)n2ccnc2)Nc3nccc(n3)c4cccnc4,ABL1,5.48
CHEMBL292866,c1ccnc(c1)C(=O)Nc2cccc(c2)Nc3nccc(n3)c4cccnc4,ABL1,5.42
CHEMBL56671,COC(=O)c1cccc(c1)Nc2nccc(n2)c3cccnc3,ABL1,5.29
CHEMBL55379,c1ccc2c(c1)c(c[nH]2)c3ccnc(n3)Nc4cccc(c4)OC(C(F)F)(F)F,ABL1,6.43
CHEMBL55742,c1ccc(c(c1)C(=O)Nc2cccc(c2)Nc3nccc(n3)c4cccnc4)C(=O)O,ABL1,5.7
CHEMBL56904,CN1CCN(CC1)Cc2ccc(cc2)C(=O)Nc3cccc(c3)Nc4nccc(n4)c5cccnc5,ABL1,7.0
CHEMBL418270,c1cc(cc(c1)NC(=O)c2cccnc2)Nc3nccc(n3)c4cccnc4,ABL1,6.82
CHEMBL293991,c1cc(cc(c1)OC(C(F)F)(F)F)Nc2nccc(n2)c3cccc4c3ccn4CCCN,ABL1,6.46
CHEMBL418010,Cc1ccc(cc1Nc2nccc(n2)c3cccnc3)NC(=O)c4ccccc4OC,ABL1,6.1
CHEMBL56359,c1cc(cc(c1)NC(=O)c2cccs2)Nc3nccc(n3)c4cccnc4,ABL1,6.52
CHEMBL20926,Cc1ccc(cc1Nc2nccc(n2)c3cccnc3)NC(=O)c4ccccc4,ABL1,5.65
CHEMBL278103,Cc1ccc(cc1Nc2nccc(n2)c3cccnc3)N,ABL1,5.82
CHEMBL57690,c1ccc(cc1)Nc2nccc(n2)c3cccnc3,ABL1,5.75
CHEMBL55592,c1cc(cc(c1)NC(=O)c2ccncc2)Nc3nccc(n3)c4cccnc4,ABL1,6.3
CHEMBL57553,c1cc(cc(c1)Nc2nccc(n2)c3cccnc3)N,ABL1,6.16
CHEMBL56081,c1cc(cc(c1)[N+](=O)[O-])Nc2nccc(n2)c3cccnc3,ABL1,4.47
CHEMBL58142,c1cc(cc(c1)NC(=O)C2CCCCC2)Nc3nccc(n3)c4cccnc4,ABL1,6.35
CHEMBL58580,c1cc(cc(c1)NC(=O)c2ccc(cc2)C#N)Nc3nccc(n3)c4cccnc4,ABL1,5.89
CHEMBL332612,c1cc(cc(c1)Cl)Nc2c3c([nH]nc3ncn2)Nc4ccc(cc4)N,ABL1,5.93
CHEMBL332333,c1ccc(cc1)Nc2c3c([nH]nc3Nc4ccccc4)ncn2,ABL1,5.71
CHEMBL332882,c1cc(cc(c1)N)c2c3c(ncnc3Nc4cccc(c4)Cl)n[nH]2,ABL1,5.51
CHEMBL120979,COc1cccc(c1)Nc2c3c(ncnc3Nc4cccc(c4)Cl)n[nH]2,ABL1,5.47
CHEMBL153843,c1ccc(c(c1)C(=O)Nc2cccc(c2)C(F)(F)F)NCc3ccncc3,ABL1,5.55
CHEMBL121796,c1ccc(cc1)CNc2c3c([nH]n2)ncnc3Nc4cccc(c4)Cl,ABL1,5.18
CHEMBL121190,c1cc(cc(c1)Cl)Nc2c3c(ncnc3[nH]n2)N,ABL1,6.39
CHEMBL331906,c1cc(cc(c1)O)c2c3c(ncnc3Nc4cccc(c4)Cl)n[nH]2,ABL1,6.75
CHEMBL332906,c1cc(cc(c1)Cl)Nc2c3c([nH]nc3ncn2)c4ccc(cc4)N,ABL1,5.44
CHEMBL122068,c1cc(cc(c1)Cl)Nc2c3c(nc(nc3n[nH]2)N)N,ABL1,6.39
CHEMBL332971,COc1ccc(cc1)c2c3c(ncnc3Nc4cccc(c4)Cl)n[nH]2,ABL1,4.78
CHEMBL123189,COc1cccc(c1)CNc2c3c(ncnc3Nc4cccc(c4)Cl)n[nH]2,ABL1,5.46
CHEMBL333038,c1cc(cc(c1)Cl)Nc2c3c([nH]nc3Nc4cccc(c4)Cl)ncn2,ABL1,5.7
CHEMBL120319,c1cc(cc(c1)Cl)Nc2c3c(ncnc3Nc4cccc(c4)Br)n[nH]2,ABL1,5.87
CHEMBL121260,c1ccc(cc1)Nc2c3c([nH]nc3ncn2)Nc4cccc(c4)Cl,ABL1,5.87
CHEMBL121954,c1cc(cc(c1)O)Nc2c3c(ncnc3Nc4cccc(c4)Cl)n[nH]2,ABL1,6.59
CHEMBL24828,CN1CCC(CC1)COc2cc3c(cc2OC)c(ncn3)Nc4ccc(cc4F)Br,ABL1,6.945
CHEMBL29197,COc1cc2c(cc1OC)ncnc2Nc3cccc(c3)Br,ABL1,7.52
CHEMBL122182,c1cc(cc(c1)Cl)Nc2c3c([nH]nc3ncn2)Nc4ccc(cc4)O,ABL1,6.82
CHEMBL347537,c1ccc2c(c1)cncc2c3cccc(c3)NC(=O)c4ccccc4NCc5ccncc5,ABL1,5.27
CHEMBL120069,Cc1cccc(c1)Nc2c3c([nH]nc3Nc4cccc(c4)Cl)ncn2,ABL1,5.78
CHEMBL119977,c1ccc(cc1)c2c3c([nH]n2)ncnc3Nc4cccc(c4)Cl,ABL1,5.43
CHEMBL118130,c1cc(cc(c1)Cl)Nc2c3c([nH]nc3ncn2)c4ccc(cc4)O,ABL1,6.62
CHEMBL343050,CC(C)C(C(=O)NC(C)C(=O)NCCc1ccccc1)NC(=O)C(Cc2ccc(cc2)OP(=O)(O)O)NC(=O)C,ABL1,4.14
CHEMBL137653,CCCCCCCCN(CCCCCCCC)C(=O)C(C)NC(=O)C(C(C)C)NC(=O)C(Cc1ccc(cc1)OP(=O)(O)O)NC(=O)C,ABL1,4.02
CHEMBL327958,CCCCN(CCCC)C(=O)C(C)NC(=O)C(C(C)C)NC(=O)C(Cc1ccc(cc1)OP(=O)(O)O)NC(=O)C,ABL1,5.13
CHEMBL137706,CCCCCCN(CCCCCC)C(=O)C(C)NC(=O)C(C(C)C)NC(=O)C(Cc1ccc(cc1)OP(=O)(O)O)NC(=O)C,ABL1,5.3
CHEMBL405059,CCCCCN(CCCCC)C(=O)C(C)NC(=O)C(C(C)C)NC(=O)C(Cc1ccc(cc1)OP(=O)(O)O)NC(=O)C,ABL1,4.59
CHEMBL136289,CC(C)C(C(=O)NC(C)C(=O)NCCC1CCCCC1)NC(=O)C(Cc2ccc(cc2)OP(=O)(O)O)NC(=O)C,ABL1,4.59
CHEMBL185775,Cc1ccc(cc1Nc2nccc(n2)c3cccnc3)NC(=O)N4CCCCC4,ABL1,6.03
CHEMBL186652,Cc1ccc(cc1Nc2nccc(n2)c3cccnc3)NC(=O)Nc4cccc(c4)Cl,ABL1,6.76
CHEMBL187080,Cc1ccc(cc1Nc2nccc(n2)c3cccnc3)NC(=O)Nc4cccnc4,ABL1,6.0
CHEMBL434335,Cc1ccc(cc1Nc2nccc(n2)c3cccnc3)NC(=O)Nc4cccc(c4)N(C)C,ABL1,7.25
CHEMBL365673,CCN(CC)c1cccc(c1)NC(=O)Nc2ccc(c(c2)Nc3nccc(n3)c4cccnc4)C,ABL1,6.55
CHEMBL184742,Cc1ccc(cc1Nc2nccc(n2)c3cccnc3)NC(=O)Nc4cccc(c4)N5CCCC5,ABL1,7.28
CHEMBL365277,Cc1ccc(cc1Nc2nccc(n2)c3cccnc3)NC(=O)Nc4ccccc4CN(C)C5CCCCC5,ABL1,6.06
CHEMBL388978,CC12C(C(CC(O1)n3c4ccccc4c5c3c6n2c7ccccc7c6c8c5C(=O)NC8)NC)OC,ABL1,6.877143
CHEMBL288441,CN1CCN(CC1)CCCOc2cc3c(cc2OC)c(c(cn3)C#N)Nc4cc(c(cc4Cl)Cl)OC,ABL1,8.506
CHEMBL195029,COc1cc2cc3c(cc2cc1OCCN4CCOCC4)ncc(c3Nc5cc(c(cc5Cl)Cl)OC)C#N,ABL1,6.31
CHEMBL120077,COc1cc2c(cc1OC)-c3c(c([nH]n3)Nc4cccc(c4)F)C2,ABL1,7.66
CHEMBL377193,c1cc2c(cc1O)cc([nH]2)C(=O)c3cc4cc(ccc4[nH]3)O,ABL1,5.89
CHEMBL376945,c1cc2c(cc1NCc3nccs3)c(n[nH]2)c4[nH]c5ccc(cc5n4)N6CCC(CC6)N7CCCCC7,ABL1,8.0
CHEMBL211154,c1cc(oc1)CNc2ccc3c(c2)c(n[nH]3)c4[nH]c5ccc(cc5n4)N6CCC(CC6)N7CCCCC7,ABL1,7.22
CHEMBL377463,c1cc(oc1)C(=O)Nc2ccc3c(c2)c(n[nH]3)c4[nH]c5ccc(cc5n4)N6CCC(CC6)N7CCCCC7,ABL1,6.82
CHEMBL378024,CC(C)(C)NC(=O)Nc1ccc2c(c1)c(n[nH]2)c3[nH]c4ccc(cc4n3)N5CCC(CC5)N6CCCCC6,ABL1,7.52
CHEMBL133897,CCOc1nn(c(=O)o1)c2cccc(c2)OCc3ccccc3,Acetylcholinesterase,6.13
CHEMBL336398,c1cc(ccc1c2nc(n(n2)C(=O)N3CCCCC3)SCC4CC4)Cl,Acetylcholinesterase,7.0
CHEMBL130628,c1cc(ccc1c2nc(n(n2)C(=O)N3CCCCC3)SCC(F)(F)F)Cl,Acetylcholinesterase,6.52
CHEMBL130478,CN(C)C(=O)n1c(nc(n1)c2ccc(cc2)OC(F)(F)F)SC,Acetylcholinesterase,6.1
CHEMBL130112,Cc1ccc(cc1)c2nc(n(n2)C(=O)N(C)c3ccccc3)SC,Acetylcholinesterase,5.62
CHEMBL130098,CN(C)C(=O)n1c(nc(n1)c2ccc(cc2)Cl)SC,Acetylcholinesterase,7.0
CHEMBL336538,CN(C)C(=O)n1c(nc(n1)c2ccc(cc2)OC)SC,Acetylcholinesterase,6.1
CHEMBL335033,CN(C)C(=O)n1c(nc(n1)c2ccc3ccccc3c2)SC,Acetylcholinesterase,7.3
CHEMBL338720,CN(C)C(=O)n1c(nc(n1)c2ccc(cc2)c3ccccc3)SC,Acetylcholinesterase,6.25
CHEMBL131536,CN(c1ccccc1)C(=O)n2c(nc(n2)c3ccc(cc3)Cl)SC,Acetylcholinesterase,5.85
CHEMBL106126,Cc1c(c(=O)on1C(=O)N2CCCC(C2)C)C(C)C,Acetylcholinesterase,4.77
CHEMBL334971,CCSc1nc(nn1C(=O)N(C)c2ccccc2)c3ccc(cc3)OC,Acetylcholinesterase,5.96
CHEMBL130666,CSc1nc(nn1C(=O)N2CCCCC2)c3ccc(cc3)Cl,Acetylcholinesterase,7.59
CHEMBL133388,Cc1ccc(cc1)c2nc(n(n2)C(=O)N(C)C)SC,Acetylcholinesterase,6.1
CHEMBL336524,CCSc1nc(nn1C(=O)N(C)C)c2ccc(cc2)Cl,Acetylcholinesterase,7.25
CHEMBL336276,CCCCCCSc1nc(nn1C(=O)N(C)C)c2ccc(cc2)C,Acetylcholinesterase,6.7
CHEMBL334395,CCCSc1nc(nn1C(=O)N(C)C)c2ccc(cc2)Cl,Acetylcholinesterase,6.52
CHEMBL131320,Cc1ccc(cc1)c2nc(n(n2)C(=O)N(C)C)SCC(F)(F)F,Acetylcholinesterase,6.7
CHEMBL337714,CN(C)C(=O)n1c(nc(n1)c2ccc(cc2)C(F)(F)F)SC,Acetylcholinesterase,6.3
CHEMBL54126,CN(C)C(=O)Oc1cccc(c1)[N+](C)(C)C,Acetylcholinesterase,7.5436363
CHEMBL65667,CC12CCN(C1N(c3c2cc(cc3)OC(=O)NCCCN4CCOCC4)C)C,Acetylcholinesterase,5.42
CHEMBL431519,CC12CCN(C1N(c3c2cc(cc3)OC(=O)NCCCCCCCCCCN4CCOCC4)C)C,Acetylcholinesterase,7.4
CHEMBL154972,c1ccc2c(c1)NC(=C(C#N)C#N)N2CCNCc3ccc(o3)CN4CCCCC4,Acetylcholinesterase,7.14
CHEMBL152722,CN(C)Cc1ccc(o1)CNCCNC(=O)c2cc(c(cc2OC)N)Cl,Acetylcholinesterase,5.51
CHEMBL349127,CN1CCN(CC1)Cc2ccc(o2)CNCCN3CCNC3=C(C#N)C#N,Acetylcholinesterase,5.35
CHEMBL156659,c1ccc2c(c1)[nH]c(=O)n2CCNCc3ccc(o3)CN4CCCCC4,Acetylcholinesterase,5.92
CHEMBL155322,CC1CCCCN1Cc2ccc(o2)CNCCN3CCNC3=C(C#N)C#N,Acetylcholinesterase,6.27
CHEMBL154211,c1cc(oc1CNCCN2CCNC2=C(C#N)C#N)CN3CCCCC3,Acetylcholinesterase,7.52
CHEMBL1203537,CNC(=C(C#N)C#N)NCCNCc1ccc(o1)CN2CCCCC2,Acetylcholinesterase,6.08
CHEMBL345849,c1cc(oc1CNCCN2CCNC2=C(C#N)C#N)CN3CCC(CC3)O,Acetylcholinesterase,6.41
CHEMBL154689,CN(C)Cc1ccc(o1)CNCCN2CCNC2=C(C#N)C#N,Acetylcholinesterase,6.41
CHEMBL346733,CCN(C)Cc1ccc(o1)CNCCN2CCNC2=C(C#N)C#N,Acetylcholinesterase,6.37
CHEMBL1203539,CCN(CC)Cc1ccc(o1)CNCCN2CCNC2=C(C#N)C#N,Acetylcholinesterase,6.22
CHEMBL63173,CC12CCN(C1N(c3c2cc(cc3)OC(=O)NCCCCN4CCOCC4)C)C,Acetylcholinesterase,4.68
CHEMBL433041,CCCCCCCNC(=O)Oc1ccc2c(c1)C3(CCN(C3N2C)C)C,Acetylcholinesterase,7.3053846
CHEMBL292788,CC12CCN(C1N(c3c2cc(cc3)OC(=O)NCCN4CCOCC4)C)C,Acetylcholinesterase,6.16
CHEMBL155392,CNC(=C(C#N)C#N)NCCNCc1ccc(o1)CN(C)C,Acetylcholinesterase,6.2
CHEMBL153311,CC(C)N(Cc1ccc(o1)CNCCNC(=C(C#N)C#N)NC)C(C)C,Acetylcholinesterase,5.68
CHEMBL154263,CC1CCN(CC1)Cc2ccc(o2)CNCCN3CCNC3=C(C#N)C#N,Acetylcholinesterase,6.54
CHEMBL62664,CC12CCN(C1N(c3c2cc(cc3)OC(=O)NCCCCCCCCCCCN4CCOCC4)C)C,Acetylcholinesterase,7.4
CHEMBL155111,c1cc(oc1CNCCN2CCNC2=C(C#N)C#N)CN3CCCC3,Acetylcholinesterase,7.1
CHEMBL1203534,c1cc(oc1CNCCN2CCNC2=C(C#N)C#N)CN3CCC=CC3,Acetylcholinesterase,7.02
CHEMBL64011,CC12CCN(C1N(c3c2cc(cc3)OC(=O)NCCCCCCCCCN4CCOCC4)C)C,Acetylcholinesterase,7.22
CHEMBL65585,CC12CCN(C1N(c3c2cc(cc3)OC(=O)NCCCCCCCCCCCCN4CCOCC4)C)C,Acetylcholinesterase,7.16
CHEMBL347539,CNC(=C(C#N)C#N)NCCNCc1ccc(o1)CN2CCCC2,Acetylcholinesterase,6.55
CHEMBL154433,c1cc(oc1CNCCN2CCNC2=C(C#N)C#N)CN3CCOCC3,Acetylcholinesterase,4.96
CHEMBL157208,c1cc(oc1CNCCN2CCNC2=C(C#N)C#N)CN3CCSCC3,Acetylcholinesterase,5.82
CHEMBL1790041,CNC(=C[N+](=O)[O-])NCCSCc1ccc(o1)CN(C)C,Acetylcholinesterase,5.915
CHEMBL65356,CC12CCN(C1N(c3c2cc(cc3)OC(=O)NCCCCCCN4CCOCC4)C)C,Acetylcholinesterase,6.03
CHEMBL154366,CC1CCCN(C1)Cc2ccc(o2)CNCCN3CCNC3=C(C#N)C#N,Acetylcholinesterase,6.43
CHEMBL153821,CC1CCCC(N1Cc2ccc(o2)CNCCN3CCNC3=C(C#N)C#N)C,Acetylcholinesterase,5.35
CHEMBL94,CC12CCN(C1N(c3c2cc(cc3)OC(=O)NC)C)C,Acetylcholinesterase,7.2264285
CHEMBL303574,CC12CCN(C1N(c3c2cc(cc3)OC(=O)NCCCCCN4CCOCC4)C)C,Acetylcholinesterase,5.12
CHEMBL65018,CC12CCN(C1N(c3c2cc(cc3)OC(=O)NCCCCCCCCN4CCOCC4)C)C,Acetylcholinesterase,7.1
CHEMBL66309,CC12CCN(C1N(c3c2cc(cc3)OC(=O)NCCCCCCCN4CCOCC4)C)C,Acetylcholinesterase,6.42
CHEMBL1203535,COC1CCCN(C1)Cc2ccc(o2)CNCCN3CCNC3=C(C#N)C#N,Acetylcholinesterase,5.48
CHEMBL152260,c1cc(oc1CNCCN2CCNC2=C(C#N)C#N)CN3CCCC(C3)O,Acetylcholinesterase,6.43
CHEMBL1203538,c1cc(oc1CNCCN2CCNC2=C(C#N)C#N)CN3CCCCCC3,Acetylcholinesterase,6.92
CHEMBL95,c1ccc2c(c1)c(c3c(n2)CCCC3)N,Acetylcholinesterase,6.701193
CHEMBL50608,c1ccc(cc1)c2cc(c3ccccc3n2)N,Acetylcholinesterase,4.94
CHEMBL60167,c1ccc-2c(c1)Cc3c2nc4ccccc4c3N,Acetylcholinesterase,6.266667
CHEMBL89012,c1ccc-2c(c1)CCc3c2nc4ccccc4c3N,Acetylcholinesterase,4.98
CHEMBL314800,c1ccc-2c(c1)CSc3c2nc4ccccc4c3N,Acetylcholinesterase,4.73
CHEMBL315013,C[N+]1(CCC(CC1)C(CC(=O)c2cc3cc(c(cc3s2)OC)OC)O)Cc4ccccc4,Acetylcholinesterase,6.7325
CHEMBL314658,C[N+]1(CCC(=CC1)CC(=O)c2cc3cc(c(cc3s2)OC)OC)Cc4ccccc4,Acetylcholinesterase,6.13
CHEMBL87170,COc1cc2cc(sc2cc1OC)C(=O)CCc3cc[n+](cc3)Cc4ccccc4,Acetylcholinesterase,8.34
CHEMBL87959,C[N+]1(CCC(CC1)CCC(=O)c2cc3cc(c(cc3s2)OC)OC)CCOc4ccccc4,Acetylcholinesterase,6.41
CHEMBL87295,CCC[n+]1ccc(cc1)CCC(=O)c2cc3cc(c(cc3s2)OC)OC,Acetylcholinesterase,5.59
CHEMBL82810,COc1cc2cc(sc2cc1OC)C(=O)CCc3cc[n+](cc3)CC4CCC4,Acetylcholinesterase,7.4
CHEMBL88049,C[N+]1(CCC(CC1)CCCCC(=O)c2cc3cc(c(cc3s2)OC)OC)Cc4ccccc4,Acetylcholinesterase,6.96
CHEMBL87128,CC[n+]1ccc(cc1)CCC(=O)c2cc3cc(c(cc3s2)OC)OC,Acetylcholinesterase,6.55
CHEMBL85473,C[N+]1(CCC(CC1)C(c2cc3cc(c(cc3s2)OC)OC)O)Cc4ccccc4,Acetylcholinesterase,4.71
CHEMBL87320,C[N+]1(CCC(CC1)CCC(=O)c2cc3cc(c(cc3s2)OC)OC)CCOC,Acetylcholinesterase,7.28
CHEMBL87280,COc1cc2cc(sc2cc1OC)C(=O)CCc3cc[n+](cc3)Cc4ccc(cc4)C(=O)OC,Acetylcholinesterase,6.0
CHEMBL313809,C[N+]1(CCC(=CC(=O)c2cc3cc(c(cc3s2)OC)OC)CC1)Cc4ccccc4,Acetylcholinesterase,6.28
CHEMBL87849,COc1cc2cc(sc2cc1OC)C(=O)CCc3cc[n+](cc3)Cc4ccc(cc4)F,Acetylcholinesterase,8.59
CHEMBL314398,C[N+]1(CCC(CC1)C(CC(=O)c2cc3cc(c(cc3s2)OC)OC)OC)Cc4ccccc4,Acetylcholinesterase,6.92
CHEMBL87373,COc1cc2cc(sc2cc1OC)C(=O)CCc3cc[n+](cc3)CC4CC4,Acetylcholinesterase,6.96
CHEMBL83005,C[N+]1(CCC(CC1)(CC(=O)c2cc3cc(c(cc3s2)OC)OC)O)Cc4ccccc4,Acetylcholinesterase,7.05
CHEMBL315515,C[N+]1(CCC(CC1)CCC(=O)c2cc3cc(c(cc3s2)OC)OC)CC4CCCCO4,Acetylcholinesterase,7.55
CHEMBL441632,C[n+]1ccc(cc1)CCC(=O)c2cc3cc(c(cc3s2)OC)OC,Acetylcholinesterase,6.05
CHEMBL87937,COCC[n+]1ccc(cc1)CCC(=O)c2cc3cc(c(cc3s2)OC)OC,Acetylcholinesterase,7.52
CHEMBL441808,C[N+]1(CCC(CC1)CCC(CC(=O)c2cc3cc(c(cc3s2)OC)OC)O)Cc4ccccc4,Acetylcholinesterase,6.42
CHEMBL87649,COc1cc2cc(sc2cc1OC)C(=O)CCc3cc[n+](cc3)Cc4ccsc4,Acetylcholinesterase,8.22
CHEMBL192928,CC(C)(C)c1ccc(cc1)C(=O)Nc2c3c(n[nH]2)CN(C3)C(=O)Cc4ccsc4,Aurora-A,8.3
CHEMBL191816,CC(C)(C)c1ccc(cc1)C(=O)Nc2c3c([nH]n2)CN(C3)C(=O)c4ccco4,Aurora-A,7.39
CHEMBL192575,CC(C)(C)c1ccc(cc1)C(=O)Nc2c3c([nH]n2)CN(C3)C(=O)Cc4ccccc4,Aurora-A,6.89
CHEMBL191402,CCc1cccc(c1NC(=O)N2Cc3c([nH]nc3NC(=O)c4ccc(cc4)C(C)(C)C)C2)CC,Aurora-A,7.0
CHEMBL363857,CN1CCN(CC1)c2ccc(cc2)C(=O)Nc3c4c(n[nH]3)CN(C4)C(=O)Cc5ccsc5,Aurora-A,7.19
CHEMBL427170,CN1CCN(CC1)c2ccc(cc2)C(=O)Nc3c4c([nH]n3)CN(C4)C(=O)c5ccco5,Aurora-A,6.8
CHEMBL190252,CN1CCN(CC1)c2ccc(cc2)C(=O)Nc3c4c([nH]n3)CN(C4)C(=O)Cc5ccccc5,Aurora-A,6.8766665
CHEMBL363160,CCc1cccc(c1NC(=O)N2Cc3c([nH]nc3NC(=O)c4ccc(cc4)N5CCN(CC5)C)C2)CC,Aurora-A,7.57
CHEMBL425904,CC(CN(C)C)Oc1ccc(cc1NC(=O)Nc2cnc(cn2)C#N)Cl,Aurora-A,5.49
CHEMBL202926,Cc1ccc(cc1)C(=O)Nc2ncc(cn2)Nc3c4c(ncn3)Oc5ccccc5CN4,Aurora-A,5.43
CHEMBL200535,Cc1ccc(cc1)C(=O)Nc2ncc(cn2)Nc3c4c(ncn3)Oc5ccc(cc5CN4)OC,Aurora-A,5.46
CHEMBL199950,Cc1ccc(cc1)C(=O)Nc2ncc(cn2)Nc3c4c(ncn3)Oc5cc(c(cc5CN4)OC)OC,Aurora-A,5.92
CHEMBL381649,COc1ccc2c(c1)CNc3c(ncnc3O2)Nc4cnc(nc4)NC(=O)c5cccc(c5)F,Aurora-A,5.96
CHEMBL371270,COc1ccc2c(c1)Oc3c(c(ncn3)Nc4cnc(nc4)NC(=O)c5cccc(c5)F)NC2,Aurora-A,6.5
CHEMBL371937,COc1cc2c(cc1OC)Oc3c(c(ncn3)Nc4cnc(nc4)NC(=O)c5cccc(c5)F)NC2,Aurora-A,5.96
CHEMBL199765,COc1ccc2c(c1)Oc3c(c(ncn3)Nc4cnc(nc4)NC(=O)c5ccc(cc5)F)NC2,Aurora-A,6.48
CHEMBL199476,c1ccc(cc1)C(=O)Nc2ncc(cn2)Nc3c4c(ncn3)Oc5ccccc5CN4,Aurora-A,5.72
CHEMBL200395,CCN(CC)c1ccc2c(c1)Oc3c(c(ncn3)Nc4cnc(nc4)NC(=O)c5ccccc5)NC2,Aurora-A,5.3
CHEMBL439512,COc1cc2c(cc1OC)Oc3c(c(ncn3)Nc4cnc(nc4)NC(=O)c5ccccc5)NC2,Aurora-A,6.33
CHEMBL200525,COc1ccc2c(c1)Oc3c(c(ncn3)Nc4cnc(nc4)NC(=O)c5ccccc5)NC2,Aurora-A,6.22
CHEMBL199547,COc1ccc2c(c1)CNc3c(ncnc3O2)Nc4cnc(nc4)NC(=O)c5ccccc5,Aurora-A,6.01
CHEMBL381661,COc1cccc2c1CNc3c(ncnc3O2)Nc4cnc(nc4)NC(=O)c5ccccc5,Aurora-A,5.66
CHEMBL201654,Cc1cnc(s1)Nc2c3cc(c(cc3ncn2)OCCCN4CCOCC4)OC,Aurora-A,7.37
CHEMBL373013,COc1cc2c(cc1OCCCNCCO)ncnc2Nc3ncc(s3)CC(=O)Nc4cccc(c4)F,Aurora-A,8.3
CHEMBL201297,COCCOc1cc2c(cc1OC)c(ncn2)Nc3ncc(s3)CC(=O)Nc4cccc(c4)F,Aurora-A,9.0
CHEMBL203039,COc1cc2c(cc1OCCCN3CCCC3CO)ncnc2Nc4ncc(s4)CC(=O)Nc5ccccc5C(=O)N,Aurora-A,6.35
CHEMBL203422,CN(C)c1cccc(c1)NC(=O)Cc2cnc(s2)Nc3c4cc(c(cc4ncn3)OCCCN5CCCC5CO)OC,Aurora-A,6.32
CHEMBL383448,COc1cccc(c1)NC(=O)Cc2cnc(s2)Nc3c4cc(c(cc4ncn3)OCCCN5CCCC5CO)OC,Aurora-A,6.98
CHEMBL201197,COc1cc2c(cc1OCCCN3CCCC3CO)ncnc2Nc4ncc(s4)CC(=O)Nc5cccc(c5F)F,Aurora-A,8.7
CHEMBL382054,COc1cc2c(cc1OCCCN3CCC(CC3)CO)ncnc2Nc4ncc(s4)CNS(=O)(=O)c5cccc(c5)F,Aurora-A,7.92
CHEMBL201263,COc1cc2c(cc1OCCCN3CCC(CC3)CO)ncnc2Nc4ncc(s4)CNC(=O)c5cccc(c5)F,Aurora-A,6.96
CHEMBL424850,CC(C)CCNC(=O)Cc1cnc(s1)Nc2c3cc(c(cc3ncn2)OCCCN4CCOCC4)OC,Aurora-A,6.8
CHEMBL202026,CCN(c1ccccc1)C(=O)Cc2cnc(s2)Nc3c4cc(c(cc4ncn3)OCCCN5CCOCC5)OC,Aurora-A,7.26
CHEMBL202502,COc1cc2c(cc1OCCCN3CCOCC3)ncnc2Nc4ncc(o4)CC(=O)Nc5cccc(c5)F,Aurora-A,6.33
CHEMBL382804,COc1cc2c(cc1OCCCN3CCOCC3)ncnc2Nc4nc(cs4)CC(=O)Nc5cccc(c5)F,Aurora-A,6.24
CHEMBL202567,COc1cc2c(cc1OCCCN3CCOCC3)ncnc2Nc4ncc(s4)C(=O)Nc5ccc(cc5)F,Aurora-A,9.0
CHEMBL201655,CCCCc1cnc(s1)Nc2c3cc(c(cc3ncn2)OCCCN4CCOCC4)OC,Aurora-A,8.22
CHEMBL204090,CC(=O)N1Cc2c(n[nH]c2NC(=O)c3ccccc3)C1,Aurora-A,5.51
CHEMBL383104,CCCCNC(=O)N1Cc2c(n[nH]c2NC(=O)Cc3ccc(cc3)N4CCCC4)C1,Aurora-A,5.38
CHEMBL205167,CC(=O)N1Cc2c(n[nH]c2NC(=O)Cc3ccccc3)C1,Aurora-A,5.64
CHEMBL439514,CC(C)NC(=O)N1Cc2c(n[nH]c2NC(=O)c3ccc4c(c3)OCO4)C1,Aurora-A,6.41
CHEMBL204087,CC(C)C(=O)N1Cc2c(n[nH]c2NC(=O)c3ccc4c(c3)OCO4)C1,Aurora-A,6.8
CHEMBL204555,Cc1ccc(cc1)C(=O)Nc2c3c(n[nH]2)CN(C3)C(=O)c4cccc5c4nccc5,Aurora-A,6.36
CHEMBL203714,CC(=O)N1Cc2c(n[nH]c2NC(=O)c3cccc(c3)F)C1,Aurora-A,5.31
CHEMBL202793,CC(=O)N1Cc2c(n[nH]c2NC(=O)c3ccc(cc3)C#N)C1,Aurora-A,5.07
CHEMBL204383,CC(=O)N1Cc2c(n[nH]c2NC(=O)c3ccc(cc3)OC)C1,Aurora-A,6.18
CHEMBL382416,Cc1ccc(cc1)C(=O)Nc2c3c(n[nH]2)CN(C3)C(=O)C,Aurora-A,5.67
CHEMBL382590,COc1cc2c(cc1OC)ncnc2Nc3ccc(cc3)NC(=O)c4ccccc4,Aurora-A,6.443333
CHEMBL204318,CCCCC(=O)Nc1ncc(cn1)Nc2c3cc(c(cc3ncn2)OCCCN4CCOCC4)OC,Aurora-A,7.77
CHEMBL203507,COc1cc2c(cc1OCCCN3CCOCC3)ncnc2Nc4cnc(nc4)NC(=O)c5ccncc5,Aurora-A,6.16
CHEMBL206374,CCCN(CCC)S(=O)(=O)c1ccc(cc1)C(=O)Nc2ncc(cn2)Nc3c4cc(c(cc4ncn3)OCCCN5CCOCC5)OC,Aurora-A,5.41
CHEMBL204217,CCc1ccc(cc1)C(=O)Nc2ncc(cn2)Nc3c4cc(c(cc4ncn3)OCCCN5CCOCC5)OC,Aurora-A,7.07
CHEMBL203007,Cc1ccc(cc1Br)C(=O)Nc2ncc(cn2)Nc3c4cc(c(cc4ncn3)OCCCN5CCOCC5)OC,Aurora-A,7.16
CHEMBL382667,COc1cc2c(cc1OCCCN3CCOCC3)ncnc2Nc4cnc(nc4)NC(=O)c5ccc(c(c5)Cl)F,Aurora-A,9.82
CHEMBL206266,COc1cc2c(cc1OCCCN3CCOCC3)ncnc2Nc4ncc(cn4)NC(=O)c5ccccc5,Aurora-A,6.2
CHEMBL381724,COc1cc2c(cc1OCCCN3CCOCC3)ncnc2Nc4cnc(nc4)NC(=O)c5ccccc5,Aurora-A,8.52
CHEMBL202721,COc1cc2c(cc1OCCCN3CCOCC3)ncnc2Nc4ccc(cc4)NC(=O)c5ccccc5,Aurora-A,6.877143
CHEMBL203945,COc1cc2c(cc1OCCCN3CCCCC3)ncnc2Nc4cnc(nc4)NC(=O)c5cccc(c5)Cl,Aurora-A,9.1
CHEMBL384575,CN1CCN(CC1)c2ccc(cc2)C(=O)Nc3c4c([nH]n3)CN(C4)C(=O)C(c5ccccc5)OC,Aurora-A,6.45
CHEMBL217748,CC(c1ccccc1)C(=O)N2Cc3c([nH]nc3NC(=O)c4ccc(cc4)N5CCN(CC5)C)C2,Aurora-A,6.35
CHEMBL402548,CN1CCN(CC1)c2ccc(cc2)C(=O)Nc3c4c(n[nH]3)CN(C4)C(=O)C(c5ccccc5)OC,ABL1,7.85
CHEMBL385872,CN1CCN(CC1)c2ccc(cc2)C(=O)Nc3c4c([nH]n3)CN(C4)C(=O)C(c5ccccc5)O,Aurora-A,8.22
CHEMBL385266,CN1CCN(CC1)c2ccc(cc2)C(=O)Nc3c4c([nH]n3)CN(C4)C(=O)C(c5ccccc5)F,Aurora-A,8.05
CHEMBL264903,COc1cc2c(cc1OCCCN3CCOCC3)ncnc2Nc4cnc(nc4)NC(=O)c5ccc(c(c5)Br)Cc6ccccc6,Aurora-A,7.16
CHEMBL427212,COc1cc2c(cc1OCC(CN3CCCCC3)O)ncnc2Nc4cnc(nc4)NC(=O)c5ccccc5,Aurora-A,9.1
CHEMBL214755,CCCN(CCC)S(=O)(=O)c1ncc(cn1)C(=O)Nc2ncc(cn2)Nc3c4cc(c(cc4ncn3)OCCCN5CCOCC5)OC,Aurora-A,5.41
CHEMBL253116,CC(CO)NC(=N)c1c(=O)[nH]sc1Nc2ccc(cc2)Nc3ccccc3,Aurora-A,6.58
CHEMBL385744,c1cc(ccc1Nc2ncc3ccn(c3n2)C4CCCCC4)N5CCOCC5,Aurora-A,7.31
CHEMBL214913,COCCN1CCN(CC1)c2ccc(cc2)Nc3ncc4ccn(c4n3)C5CCCCC5,Aurora-A,8.22
CHEMBL215116,c1cc(cc(c1)Nc2ncc3ccn(c3n2)C4CCCCC4)CC(=O)O,Aurora-A,9.22
CHEMBL215117,c1cc(ccc1Nc2ncc3ccn(c3n2)C4CCCCC4)N5CCS(=O)(=O)CC5,Aurora-A,7.92
CHEMBL214609,CN1CCN(CC1)c2ccc(cc2)Nc3ncc4ccn(c4n3)C5CC6CCC5C6,Aurora-A,7.41
CHEMBL385013,CN1CCN(CC1)c2ccc(cc2)Nc3ncc4ccn(c4n3)c5cccc(c5)OC,Aurora-A,7.75
CHEMBL213770,CN1CCN(CC1)c2ccc(cc2)Nc3ncc4ccn(c4n3)c5cccnc5,Aurora-A,7.89
CHEMBL214329,CN1CCN(CC1)c2ccc(cc2)Nc3ncc4ccn(c4n3)C5CCCCC5,Aurora-A,7.33
CHEMBL385945,CN1CCN(CC1)c2ccc(cc2)Nc3ncc4ccn(c4n3)c5cccc(c5)S(=O)(=O)C,Aurora-A,8.05
CHEMBL387267,CN1CCN(CC1)c2ccc(cc2)Nc3ncc4ccn(c4n3)C5Cc6ccccc6C5,Aurora-A,7.75
CHEMBL201511,COc1cc(cc(c1OC)OC)C2=C(C(=O)NC2=O)c3c[nH]c4c3cccc4,ABL1,4.03
CHEMBL383899,c1cc(cc(c1)Nc2ccnc(n2)Nc3cccc(c3)NC(=O)C4CC4)C(F)(F)F,Aurora-A,7.38
CHEMBL216260,c1cc(cc(c1)Nc2nccc(n2)Nc3cccc(c3)NC(=O)C4CC4)C(F)(F)F,Aurora-A,6.03
CHEMBL373882,CNc1ncnc(n1)c2cccnc2Oc3ccc(c(c3)C(=O)Nc4cc(ccc4N(C)CCCN(C)C)C(F)(F)F)F,ABL1,5.89
CHEMBL126077,c1ccc2c(c1)c(c([nH]2)O)c3c(c4ccccc4[nH]3)N=O,Aurora-A,5.4
CHEMBL373834,c1ccc2c(c1)c(c([nH]2)c3c4cccc(c4[nH]c3O)Br)N=O,Aurora-A,4.0
CHEMBL212174,c1ccc2c(c1)c(c([nH]2)c3c4cccc(c4[nH]c3O)F)N=O,Aurora-A,5.7
CHEMBL438485,c1cc(ccc1c2ccc(cc2)O)c3c4c([nH]n3)-c5ccc(cc5C4)C(=O)NC6CCC(CC6)O,Aurora-A,5.09
CHEMBL398606,CC(C)NCc1ccc(cc1)Nc2cc([nH]n2)c3ccc(cc3)c4ccc(cc4O)O,ABL1,5.96
CHEMBL392525,CN(C)c1ccc(cc1)c2[nH]c3c(n2)c(c(cn3)Cl)N4CCN(CC4)CC(=O)Nc5nccs5,Aurora-A,7.38
CHEMBL412173,CN(C)c1ccc(cc1)c2[nH]c3c(n2)c(ccn3)N4CCN(CC4)CC(=O)Nc5nccs5,Aurora-A,6.06
CHEMBL237369,CN(C)c1ccc(cc1)c2[nH]c3c(n2)c(ccn3)Cl,Aurora-A,5.62
CHEMBL391394,Cc1ccnc2c1nc([nH]2)c3ccc(cc3)N(C)C,Aurora-A,5.16
CHEMBL237573,CN(C)c1ccc(cc1)c2[nH]c3c(n2)c(c(cn3)Cl)Cl,Aurora-A,6.6
CHEMBL394674,CC(=O)c1cccc(c1)c2cc3c([nH]c(n3)c4ccc(cc4)N(C)C)nc2,Aurora-A,5.05
CHEMBL395839,CN(C)c1ccc(cc1)c2[nH]c3c(n2)cc(cn3)c4ccc(cc4)OC,Aurora-A,4.7
CHEMBL237145,Cc1cc2c([nH]c(n2)c3ccc(cc3)N(C)C)nc1,Aurora-A,5.16
CHEMBL371694,CC(C)(C)c1[nH]c(c(n1)c2ccc(cc2)F)c3ccncc3,B-raf,6.05
CHEMBL200259,c1ccc(cc1)c2[nH]c(c(n2)c3ccncc3)c4cccc(c4)CO,B-raf,5.8
CHEMBL68215,c1ccc(cc1)c2[nH]c(c(n2)c3ccncc3)c4ccc(cc4)O,B-raf,6.47
CHEMBL200863,CC(C)(CNC(=O)Nc1ccc(cc1)Cl)c2[nH]c(c(n2)c3ccc(c(c3)O)Cl)c4ccncc4,B-raf,7.89
CHEMBL381447,CC(C)(CNS(=O)(=O)C)c1[nH]c(c(n1)c2ccc(c(c2)O)Cl)c3ccncc3,B-raf,7.85
CHEMBL426476,CN(C)CCCNC(=O)c1[nH]c(c(n1)c2ccc(c(c2)O)Cl)c3ccncc3,B-raf,7.4
CHEMBL200889,CC(C)(CN)c1[nH]c(c(n1)c2ccc(c(c2)O)Cl)c3ccncc3,B-raf,8.22
CHEMBL200320,c1cc(ccc1CN)c2[nH]c(c(n2)c3ccc(c(c3)O)Cl)c4ccncc4,B-raf,8.1
CHEMBL200118,c1cc(c(cc1c2c(nc[nH]2)c3ccncc3)O)Cl,B-raf,7.48
CHEMBL371952,c1cc(oc1)c2[nH]c(c(n2)c3ccncc3)c4ccc(c(c4)O)Cl,B-raf,7.89
CHEMBL381250,c1cc(cnc1)c2[nH]c(c(n2)c3ccncc3)c4ccc(c(c4)O)Cl,B-raf,8.22
CHEMBL200172,CC(C)(C)c1[nH]c(c(n1)c2ccc(c(c2)O)Cl)c3ccncc3,B-raf,7.92
CHEMBL373011,c1ccc(cc1)c2[nH]c(c(n2)c3ccc(c(c3)O)Cl)c4ccncc4,B-raf,8.0
CHEMBL200114,CC(=O)Nc1cccc(c1)c2cncc(n2)Nc3cc(c(c(c3)OC)OC)OC,B-raf,5.45
CHEMBL1336,CNC(=O)c1cc(ccn1)Oc2ccc(cc2)NC(=O)Nc3ccc(c(c3)C(F)(F)F)Cl,ABL1,7.01
CHEMBL274738,CC(=O)Nc1cccc(c1)c2cncc(n2)NCc3ccc(c(c3)Cl)F,B-raf,4.285
CHEMBL199588,CC(=O)Nc1cccc(c1)c2cncc(n2)NCc3ccoc3,B-raf,4.48
CHEMBL440761,CC(=O)Nc1cccc(c1)c2cncc(n2)NCc3cccc(c3)F,B-raf,5.1
CHEMBL198400,CC(=O)Nc1cccc(c1)c2cncc(n2)NCCOc3ccc(cc3)OC,B-raf,4.33
CHEMBL200964,CC(=O)Nc1cccc(c1)c2cncc(n2)NCCOc3ccccc3,B-raf,4.335
CHEMBL372149,CC(=O)Nc1cccc(c1)c2cncc(n2)NCCc3ccccc3,B-raf,4.35
CHEMBL199800,CC(=O)Nc1cccc(c1)c2cncc(n2)NCc3ccccc3,B-raf,4.75
CHEMBL382262,Cc1cc(n[nH]1)CNc2cncc(n2)c3cccc(c3)NC(=O)C,B-raf,4.8
CHEMBL201625,Cc1cc(no1)CNc2cncc(n2)c3cccc(c3)NC(=O)C,B-raf,4.9
CHEMBL201576,CC(=O)Nc1cccc(c1)c2cncc(n2)NCc3ccc4c(c3)OCO4,B-raf,5.42
CHEMBL370112,CC(=O)Nc1cccc(c1)c2cncc(n2)NCc3ccc4c(c3)OCCO4,B-raf,4.47
CHEMBL381275,CC(=O)Nc1cccc(c1)c2cncc(n2)Nc3nc(cs3)C(C)(C)C,B-raf,4.7
CHEMBL199948,CC(=O)Nc1cccc(c1)c2cncc(n2)Nc3cc(nc(c3)Cl)Cl,B-raf,6.02
CHEMBL199811,CC(=O)Nc1cccc(c1)c2cncc(n2)Nc3ccc4c(c3)C(=O)OC4,B-raf,6.22
CHEMBL200075,CC(=O)Nc1cccc(c1)c2cncc(n2)Nc3ccc4c(c3)OC(O4)(F)F,B-raf,4.43
CHEMBL373242,CC(=O)Nc1cccc(c1)c2cncc(n2)Nc3ccc4c(c3)OC(C(O4)(F)F)(F)F,B-raf,4.41
CHEMBL199281,CC(=O)Nc1cccc(c1)c2cncc(n2)Nc3ccc4c(c3)OCCCO4,B-raf,5.415
CHEMBL199833,CC(=O)Nc1cccc(c1)c2cncc(n2)Nc3ccc4c(c3)OCCO4,B-raf,5.395
CHEMBL371958,CC(=O)Nc1cccc(c1)c2cncc(n2)Nc3ccc4c(c3)OCO4,B-raf,6.25
CHEMBL383374,CC(=O)Nc1cccc(c1)c2cncc(n2)Nc3ccc(cc3)N4CCOCC4,B-raf,5.32
CHEMBL200080,CC(=O)Nc1cccc(c1)c2cncc(n2)Nc3ccc(cc3)S(=O)(=O)N4CCOCC4,B-raf,5.07
CHEMBL198244,CC(=O)Nc1cccc(c1)c2cncc(n2)Nc3cccc(c3)c4cnco4,B-raf,5.225
CHEMBL378600,CC(=O)Nc1cccc(c1)c2cncc(n2)Nc3ccc(cc3)OC(F)(F)F,B-raf,4.68
CHEMBL199394,CC(=O)Nc1cccc(c1)c2cncc(n2)Nc3cccc(c3)O,B-raf,4.85
CHEMBL201322,CC(=O)Nc1cccc(c1)c2cncc(n2)Nc3cccc(c3)Cl,B-raf,5.455
CHEMBL201272,CC(=O)Nc1cccc(c1)c2cncc(n2)Nc3ccc(cc3OC)OC,B-raf,4.87
CHEMBL203093,CC(=O)Nc1cccc(c1)c2cncc(n2)Nc3ccc(c(c3)OC)OC,B-raf,5.54
CHEMBL425577,CC(=O)Nc1cccc(c1)c2cncc(n2)Nc3cc(cc(c3)OC)OC,B-raf,5.545
CHEMBL199798,CC(=O)Nc1cccc(c1)c2cncc(n2)Nc3ccc(cc3)OC,B-raf,4.59
CHEMBL199355,CC(=O)Nc1cccc(c1)c2cncc(n2)Nc3cccc(c3)OCCN,B-raf,5.35
CHEMBL373006,CC(=O)Nc1cccc(c1)c2cncc(n2)Nc3cccc(c3)OC,B-raf,5.36
CHEMBL201023,CC(=O)Nc1cccc(c1)c2cncc(n2)Nc3ccccc3OC,B-raf,4.13
CHEMBL425576,CC(=O)Nc1cccc(c1)c2cncc(n2)Nc3ccccc3,B-raf,5.01
CHEMBL199892,CC(=O)Nc1cccc(c1)c2cncc(n2)NCc3cc(c(c(c3)OC)OC)OC,B-raf,4.43
CHEMBL200130,CC(=O)Nc1cccc(c1)c2cncc(n2)NCCCc3ccccc3,B-raf,4.48
CHEMBL199805,CC(=O)Nc1cccc(c1)c2cncc(n2)NN(C)c3ccccc3,B-raf,4.31
CHEMBL248051,c1ccc(c(c1)C(=O)Nc2ccc3c(c2)OC(O3)(F)F)NCc4ccnc(c4)C(=O)N,B-raf,7.47
CHEMBL247250,CNC(=O)Nc1ccc(cn1)CNc2c(scn2)C(=O)Nc3ccc4c(c3)OC(O4)(F)F,B-raf,7.16
CHEMBL247798,CCNC(=O)Nc1ccc(cn1)CNc2c(scn2)C(=O)Nc3ccc4c(c3)OC(O4)(F)F,B-raf,6.91
CHEMBL247797,CNC(=O)Nc1ccc(cn1)CNc2c(cnn2C)C(=O)Nc3ccc(cc3)SC(F)(F)F,B-raf,6.81
CHEMBL247619,CNC(=O)Nc1ccc(cn1)CNc2c(cnn2C)C(=O)Nc3ccc4c(c3)OC(C(O4)(F)F)(F)F,B-raf,6.72
CHEMBL247618,CNC(=O)c1cc(ccn1)CNc2ccsc2C(=O)Nc3ccc4c(c3)OC(O4)(F)F,B-raf,7.22
CHEMBL247435,CNC(=O)c1cc(ccn1)CNc2c(cnn2C)C(=O)Nc3ccc4c(c3)OC(O4)(F)F,B-raf,6.7
CHEMBL392600,c1cc2c(cc1NC(=O)c3c(scn3)NCc4ccncc4)OC(C(O2)(F)F)(F)F,B-raf,5.59
CHEMBL247434,CNC(=O)c1cc(ccn1)CNc2c(scn2)C(=O)Nc3ccc4c(c3)OC(C(O4)(F)F)(F)F,B-raf,6.72
CHEMBL247248,CNC(=O)c1cc(ccn1)CNc2c(scn2)C(=O)Nc3ccc4c(c3)OC(O4)(F)F,B-raf,5.91
CHEMBL395705,c1ccc(cc1)CNC(=O)Nc2cc(ccn2)CNc3ccccc3C(=O)Nc4ccc5c(c4)OC(O5)(F)F,B-raf,6.64
CHEMBL399571,c1ccc(c(c1)C(=O)Nc2ccc3c(c2)OC(O3)(F)F)NCc4ccnc(c4)NC(=O)Nc5ccc6c(c5)CCC6,B-raf,7.19
CHEMBL397345,c1ccc(cc1)NC(=O)Nc2cc(ccn2)CNc3ccccc3C(=O)Nc4ccc5c(c4)OC(O5)(F)F,B-raf,7.41
CHEMBL247793,CCNC(=O)Nc1cc(ccn1)CNc2ccccc2C(=O)Nc3ccc4c(c3)OC(O4)(F)F,B-raf,7.05
CHEMBL394503,CNC(=O)Nc1cc(ccn1)CNc2ccccc2C(=O)Nc3ccc4c(c3)OC(O4)(F)F,B-raf,7.62
CHEMBL247792,c1ccc(c(c1)C(=O)Nc2ccc3c(c2)OC(O3)(F)F)NCc4ccnc(c4)NCCc5cnc[nH]5,B-raf,6.84
CHEMBL247424,c1ccc(c(c1)C(=O)Nc2ccc3c(c2)OC(O3)(F)F)NCc4ccnc(c4)NCCCn5ccnc5,B-raf,7.0
CHEMBL247423,c1ccc(c(c1)C(=O)Nc2ccc3c(c2)OC(O3)(F)F)NCc4ccnc(c4)NCCOCCO,B-raf,6.78
CHEMBL395700,c1ccc(c(c1)C(=O)Nc2ccc3c(c2)OC(O3)(F)F)NCc4ccnc(c4)NCCCO,B-raf,6.85
CHEMBL247591,COCCCNc1cc(ccn1)CNc2ccccc2C(=O)Nc3ccc4c(c3)OC(O4)(F)F,B-raf,6.81
CHEMBL398052,c1ccc(c(c1)C(=O)Nc2ccc3c(c2)OC(O3)(F)F)NCc4ccnc(c4)NCCO,B-raf,6.95
CHEMBL248860,COCCNc1cc(ccn1)CNc2ccccc2C(=O)Nc3ccc4c(c3)OC(O4)(F)F,B-raf,6.98
CHEMBL399534,CNc1cc(ccn1)CNc2ccccc2C(=O)Nc3ccc4c(c3)OC(O4)(F)F,B-raf,7.0
CHEMBL400109,c1ccc(c(c1)C(=O)Nc2ccc3c(c2)OC(O3)(F)F)NCc4ccnc(c4)N,B-raf,6.38
CHEMBL400057,CN(C)c1nccc(n1)CNc2ccccc2C(=O)Nc3ccc4c(c3)OC(O4)(F)F,B-raf,6.46
CHEMBL246424,CNc1nccc(n1)CNc2ccccc2C(=O)Nc3ccc4c(c3)OC(O4)(F)F,B-raf,7.59
CHEMBL246423,CS(=O)(=O)Nc1cc(ccn1)CNc2ccccc2C(=O)Nc3ccc4c(c3)OC(O4)(F)F,B-raf,6.23
CHEMBL400308,c1ccc(c(c1)C(=O)Nc2ccc3c(c2)OC(O3)(F)F)NCc4ccnc(c4)C5=NCCN5,B-raf,6.82
CHEMBL248258,c1ccc(c(c1)C(=O)Nc2ccc3c(c2)OC(O3)(F)F)NCc4ccnc(c4)C(=S)N,B-raf,7.0
CHEMBL248257,c1ccc(c(c1)C(=O)Nc2ccc3c(c2)OC(O3)(F)F)NCc4ccnc(c4)C#N,B-raf,6.96
CHEMBL248256,CC(=O)Nc1cc(ccn1)CNc2ccccc2C(=O)Nc3ccc4c(c3)OC(O4)(F)F,B-raf,8.3
CHEMBL246608,c1ccc(c(c1)C(=O)Nc2ccc3c(c2)OC(O3)(F)F)NCc4ccnc(c4)C(=O)NCCO,B-raf,6.4
CHEMBL247030,COCCCNC(=O)c1cc(ccn1)CNc2ccccc2C(=O)Nc3ccc4c(c3)OC(O4)(F)F,B-raf,5.99
CHEMBL245805,COCCNC(=O)c1cc(ccn1)CNc2ccccc2C(=O)Nc3ccc4c(c3)OC(O4)(F)F,B-raf,6.3
CHEMBL245804,CS(=O)(=O)CCNC(=O)c1cc(ccn1)CNc2ccccc2C(=O)Nc3ccc4c(c3)OC(O4)(F)F,B-raf,6.66
CHEMBL248398,c1ccc(c(c1)C(=O)Nc2ccc3c(c2)OC(O3)(F)F)NCc4ccnc(c4)C(=O)NC5CC5,B-raf,6.72
CHEMBL398872,c1ccc(c(c1)C(=O)Nc2ccc3c(c2)OC(O3)(F)F)NCc4ccnc(c4)C(=O)NCCCN5CCOCC5,B-raf,5.17
CHEMBL248397,CCN(CC)CCCNC(=O)c1cc(ccn1)CNc2ccccc2C(=O)Nc3ccc4c(c3)OC(O4)(F)F,B-raf,6.76
CHEMBL248227,CCN(CC)CCNC(=O)c1cc(ccn1)CNc2ccccc2C(=O)Nc3ccc4c(c3)OC(O4)(F)F,B-raf,6.86
CHEMBL248226,CCNC(=O)c1cc(ccn1)CNc2ccccc2C(=O)Nc3ccc4c(c3)OC(O4)(F)F,B-raf,6.48
CHEMBL247437,CNC(=O)c1cc(ccn1)CNc2ccccc2C(=O)Nc3ccc4c(c3)OC(O4)(F)F,B-raf,7.35
CHEMBL391781,c1ccc(c(c1)C(=O)Nc2ccc3c(c2)OC(C(O3)(F)F)(F)F)NCc4ccncc4,B-raf,7.4
CHEMBL410295,Cc1cccc(c1n2c(=O)c3cnc(nc3n4c2nc5c4cccc5)Nc6ccc(cc6)N7CCN(CC7)C)C,B-raf,6.27
CHEMBL401710,c1cc(c(cc1Cl)c2c([nH]c(n2)C3CC3)c4ccnc(n4)NCCN5CCNC5=O)Cl,B-raf,8.0
CHEMBL402029,CNc1nccc(n1)c2c(nc([nH]2)C3CC3)c4cccc(c4)NS(=O)(=O)Cc5ccc(c(c5)Cl)Cl,B-raf,6.33
CHEMBL402424,c1cc(cc(c1)NS(=O)(=O)Cc2ccc(c(c2)Cl)Cl)c3c([nH]c(n3)C4CC4)c5ccnc(n5)Nc6cccc(c6)C(=O)N,B-raf,6.05
CHEMBL429498,c1cc(cc(c1)NC(=O)Cc2ccc(cc2)Cl)c3c([nH]c(n3)C4CC4)c5ccnc(n5)NCCN6CCNC6=O,B-raf,8.16
CHEMBL403854,CNc1nccc(n1)c2c(nc([nH]2)C3CC3)c4cccc(c4)NC(=O)Cc5ccc(cc5)Cl,B-raf,8.05
CHEMBL254966,c1cc(cc(c1)NC(=O)Cc2ccc(cc2)Cl)c3c([nH]c(n3)C4CC4)c5ccnc(n5)Nc6cccc(c6)C(=O)N,B-raf,8.4
CHEMBL140167,c1cc(ccc1c2c3c(c([nH]2)c4ccc(cc4)F)C5CCC3CC5)F,COX-1,7.52
CHEMBL43511,c1cc(n(c1)c2ccc(cc2)S(=O)(=O)N)c3ccc(cc3)F,COX-1,4.98
CHEMBL1316,CC(c1ccc2c3cc(ccc3[nH]c2c1)Cl)C(=O)O,COX-1,4.555
CHEMBL40245,Cc1c(cc(n1c2ccc(cc2)F)c3ccc(cc3)S(=O)(=O)C)Br,COX-1,6.1
CHEMBL43664,CC(=O)c1ccc(cc1)n2c(ccc2c3ccc(cc3)OC)CCC(=O)O,COX-1,5.3
CHEMBL143776,c1cc(ccc1c2c3c(c([nH]2)c4ccc(cc4)F)C5CCC3C5)F,COX-1,9.0
CHEMBL44283,Cc1c(cc(n1c2ccc(cc2)F)c3ccc(cc3)S(=O)(=O)C)Cl,COX-1,5.35
CHEMBL91832,CC1(C(=C(C1=O)c2ccc(cc2)F)c3ccc(cc3)S(=O)(=O)C)C,COX-1,6.43
CHEMBL91118,CS(=O)(=O)c1ccc(cc1)C2=C(C(=C)C2)c3ccccc3,COX-1,6.27
CHEMBL92443,CC1(C(=C)C(=C1c2ccc(cc2)S(=O)(=O)C)c3ccccc3)C,COX-1,6.92
CHEMBL19286,CC(c1ccc(cc1)CC2CCCC2O)C(=O)O,COX-1,4.81
CHEMBL328003,CS(=O)(=O)c1ccc(cc1)C2=C(C(=O)C2)c3ccccc3,COX-1,5.36
CHEMBL420987,CC1(C(=C(C1=O)c2ccccc2)c3ccc(cc3)S(=O)(=O)C)C,COX-1,5.7
CHEMBL122,CS(=O)(=O)c1ccc(cc1)C2=C(C(=O)OC2)c3ccccc3,COX-1,4.8133335
CHEMBL42485,CS(=O)(=O)c1ccc(cc1)c2cc(sc2c3ccc(cc3)F)Br,COX-1,6.646
CHEMBL6,Cc1c(c2cc(ccc2n1C(=O)c3ccc(cc3)Cl)OC)CC(=O)O,COX-1,7.066066
CHEMBL92154,CS(=O)(=O)c1ccc(cc1)C2=C(CC3(C2)CC3)c4ccc(cc4)F,COX-1,5.7966666
CHEMBL328521,CC1(C(C(=C1c2ccc(cc2)S(=O)(=O)C)c3ccccc3)O)C,COX-1,4.35
CHEMBL118,Cc1ccc(cc1)c2cc(nn2c3ccc(cc3)S(=O)(=O)N)C(F)(F)F,COX-1,5.1246033
CHEMBL19299,CC(c1ccc(cc1)CC2CCCC2=O)C(=O)O,COX-1,5.19
CHEMBL92485,CC1(C(=C(C1=O)c2ccc(cc2)S(=O)(=O)C)c3ccccc3)C,COX-1,5.7
CHEMBL90988,CS(=O)(=O)c1ccc(cc1)C2=C(C(=O)C23CCCC3)c4ccccc4,COX-1,6.3
CHEMBL18264,CS(=O)(=O)c1ccc(cc1)C2=C(C(=O)OC2)c3ccc(c(c3)F)F,COX-1,4.866667
CHEMBL156256,c1ccc(cc1)n2c3c(c(n2)c4ccc(cc4)Cl)CCCC3,COX-1,5.0
CHEMBL155887,COc1ccc(cc1)c2c3c(n(n2)c4ccccc4)CCCCC3,COX-1,5.0
CHEMBL117528,COc1ccc(c(c1)F)c2c(ncn2c3ccc(cc3)S(=O)(=O)C)Cl,COX-1,6.96
CHEMBL324312,CCOc1ccc(cc1)c2c(ncn2c3ccc(cc3)S(=O)(=O)N)Cl,COX-1,5.66
CHEMBL325894,CS(=O)(=O)c1ccc(cc1)n2cnc(c2c3ccc4c(c3)CCO4)Cl,COX-1,6.96
CHEMBL419407,c1cc(ccc1n2cnc(c2c3cc(cc(c3)Cl)Cl)Cl)S(=O)(=O)N,COX-1,6.22
CHEMBL117650,CS(=O)(=O)c1ccc(cc1)n2cnc(c2c3ccccc3F)Cl,COX-1,4.0
CHEMBL115410,CSc1ccc(cc1)c2c(ncn2c3ccc(cc3)S(=O)(=O)C)Cl,COX-1,6.05
CHEMBL118962,CCOc1ccncc1c2c(ncn2c3ccc(cc3)S(=O)(=O)C)Cl,COX-1,4.97
CHEMBL118064,c1ccc(cc1)c2c(ncn2c3ccc(cc3)S(=O)(=O)N)Cl,COX-1,5.29
CHEMBL348390,c1ccc(cc1)c2c3c(n(n2)c4ccccc4)CCCCC3,COX-1,6.92
CHEMBL157616,c1ccc(cc1)n2c3c(c(n2)c4ccc(cc4)Cl)CCC3,COX-1,5.0
CHEMBL433892,c1ccc(cc1)c2c3c(n(n2)c4ccccc4)CCCC3,COX-1,6.31
CHEMBL155658,c1ccc(cc1)n2c3c(c(n2)c4ccc(cc4)Cl)CCCCC3,COX-1,6.0
CHEMBL435381,COc1ccc(cc1F)c2c(ncn2c3ccc(cc3)S(=O)(=O)N)Cl,COX-1,5.6
CHEMBL115979,COc1ccc(cc1Cl)c2c(ncn2c3ccc(cc3)S(=O)(=O)N)Cl,COX-1,5.92
CHEMBL115752,CS(=O)(=O)c1ccc(cc1)n2cnc(c2c3ccc(cc3F)F)Cl,COX-1,4.62
CHEMBL117947,CCOc1ccc(cc1F)c2c(ncn2c3ccc(cc3)S(=O)(=O)N)Cl,COX-1,4.12
CHEMBL350662,CS(=O)(=O)c1ccc(cc1)n2c3c(c(n2)c4ccc(cc4)Cl)CCCCC3,COX-1,5.0
CHEMBL333651,COc1ccc(cc1)c2c(ncn2c3ccc(cc3)S(=O)(=O)C)Cl,COX-1,5.89
CHEMBL324826,CS(=O)(=O)c1ccc(cc1)n2cnc(c2c3cccc(c3Cl)Cl)Cl,COX-1,5.05
CHEMBL326291,Cc1cc(ccc1Cl)c2c(ncn2c3ccc(cc3)S(=O)(=O)C)Cl,COX-1,5.4
CHEMBL324048,CN(C)c1ccc(cc1Cl)c2c(ncn2c3ccc(cc3)S(=O)(=O)C)Cl,COX-1,5.72
CHEMBL326270,c1cc(ccc1c2c(ncn2c3ccc(cc3)S(=O)(=O)N)Cl)F,COX-1,5.51
CHEMBL332251,Cc1ccc(cc1)c2c(ncn2c3ccc(cc3)S(=O)(=O)N)Cl,COX-1,5.57
CHEMBL117917,CCOc1ccc(cc1Cl)c2c(ncn2c3ccc(cc3)S(=O)(=O)N)Cl,COX-1,4.81
CHEMBL151658,CC(CN1c2ccccc2Sc3c1cccc3)O,COX-1,6.0
CHEMBL296447,CS(=O)(=O)c1ccc(cc1)n2cc(nc2c3ccc4c(c3)OCO4)C(F)(F)F,COX-1,5.96
CHEMBL321156,c1cc(sc1)c2nc(cn2c3ccc(cc3)S(=O)(=O)N)C(F)(F)F,COX-1,4.26
CHEMBL108978,CS(=O)(=O)c1ccc(cc1)n2cc(nc2c3cc4ccccc4cn3)C(F)(F)F,COX-1,4.5
CHEMBL290192,Cc1nc(c(o1)c2ccc(cc2)S(=O)(=O)N)c3ccc(cc3)F,COX-1,5.315
CHEMBL290031,Cc1nc(c(o1)c2ccc(cc2)S(=O)(=O)N)C3CCCCC3,COX-1,4.32
CHEMBL158493,Cc1nc(c(o1)c2ccc(cc2)S(=O)(=O)C)c3ccc(s3)Cl,COX-1,4.9
CHEMBL158509,Cc1nc(c(o1)c2ccc(s2)Cl)c3ccc(cc3)S(=O)(=O)C,COX-1,4.03
CHEMBL350422,Cc1nc(c(o1)c2ccc(cc2)S(=O)(=O)N)c3ccc(s3)Cl,COX-1,6.22
CHEMBL161590,CCc1nc(c(o1)c2ccc(cc2)S(=O)(=O)C)C3CCCCC3,COX-1,4.22
CHEMBL149032,CC(CN1c2ccccc2Sc3c1cccc3)S,COX-1,6.3
CHEMBL108936,Cc1ccc(cn1)c2nc(cn2c3ccc(cc3)S(=O)(=O)N)C(F)(F)F,COX-1,4.05
CHEMBL348041,Cc1ccc(s1)c2c(oc(n2)C)c3ccc(cc3)S(=O)(=O)C,COX-1,4.32
CHEMBL110446,CS(=O)(=O)c1ccc(cc1)n2cc(nc2c3cc4ccccc4nc3)C(F)(F)F,COX-1,4.09
CHEMBL351914,Cc1nc(c(o1)c2ccc(cc2)S(=O)(=O)C)c3ccc(cc3)F,COX-1,4.38
CHEMBL46712,Cc1cccc(c1)c2nc(cn2c3ccc(cc3)S(=O)(=O)C)C(F)(F)F,COX-1,4.08
CHEMBL108961,Cc1ccnc(c1)c2nc(cn2c3ccc(cc3)S(=O)(=O)N)C(F)(F)F,COX-1,4.08
CHEMBL106151,COc1ccc(cn1)c2nc(cn2c3ccc(cc3)S(=O)(=O)C)C(F)(F)F,COX-1,4.31
CHEMBL42561,Cc1ccc(cc1)c2nc(cn2c3ccc(cc3)S(=O)(=O)C)C(F)(F)F,COX-1,4.59
CHEMBL56367,CS(=O)(=O)Nc1ccc(cc1Oc2ccccc2)[N+](=O)[O-],COX-1,5.0027275
CHEMBL17043,CS(=O)(=O)c1ccc(cc1)c2c(nc(s2)c3ccccc3Cl)c4ccc(cc4F)F,COX-1,4.16
CHEMBL75435,CC(c1cccc(c1)C(=O)c2ccccc2)C(=O)O,COX-1,8.535
CHEMBL17047,CS(=O)(=O)c1ccc(cc1)c2c(sc(n2)C(F)(F)F)c3ccc(cc3)F,COX-1,5.97
CHEMBL274587,CC(c1cc(ccc1O)C(=O)c2ccccc2)C(=O)O,COX-1,7.29
CHEMBL74276,CC(c1cc(ccc1OC)C(=O)c2ccccc2)C(=O)O,COX-1,7.38
CHEMBL275601,CCc1nc(c(s1)c2ccc(cc2)S(=O)(=O)C)c3ccc(cc3)F,COX-1,4.72
CHEMBL97059,c1cc(ccc1n2c-3c(c(n2)C(F)(F)F)SCc4c3cc(c(c4)F)F)S(=O)(=O)N,COX-1,5.57
CHEMBL95022,c1cc(ccc1n2c-3c(c(n2)C#N)SCc4c3ccc(c4)F)S(=O)(=O)N,COX-1,6.12
CHEMBL154253,CC1(CC1)Cn2c(=O)c(c(cn2)c3ccc(cc3)S(=O)(=O)C)c4ccc(cc4)F,COX-1,5.52
CHEMBL278505,CC(C)S(=O)(=O)c1c2cc(ccc2c(=O)n(c1O)Cc3ccc(c(c3)F)F)Cl,COX-1,5.87
CHEMBL347842,CS(=O)(=O)c1ccc(cc1)c2cnn(c(=O)c2Oc3ccc(cn3)Cl)Cc4ccccc4,COX-1,5.0
CHEMBL155206,CS(=O)(=O)c1ccc(cc1)c2cnn(c(=O)c2Sc3ccccc3)Cc4ccccc4,COX-1,5.0
CHEMBL154480,CC1(CC1Cn2c(=O)c(c(cn2)c3ccc(cc3)S(=O)(=O)C)c4ccc(cc4)F)C,COX-1,5.52
CHEMBL329919,c1ccc-2c(c1)CSc3c2n(nc3C(F)(F)F)c4ccc(cc4)S(=O)(=O)N,COX-1,6.4
CHEMBL349564,CS(=O)(=O)c1ccc(cc1)c2cnn(c(=O)c2c3ccc(cc3)F)Cc4cccs4,COX-1,6.0
CHEMBL155898,CS(=O)(=O)c1ccc(cc1)c2cnn(c(=O)c2OCC3CC3)Cc4ccccc4,COX-1,5.0
CHEMBL275376,CC(C)S(=O)(=O)c1c2ccccc2c(=O)n(c1O)Cc3ccc(c(c3)F)F,COX-1,6.24
CHEMBL157720,CS(=O)(=O)c1ccc(cc1)c2cnn(c(=O)c2c3ccc(cc3)F)Cc4nccs4,COX-1,5.0
CHEMBL262744,CC1CC1Cn2c(=O)c(c(cn2)c3ccc(cc3)S(=O)(=O)C)c4ccc(cc4)F,COX-1,5.52
CHEMBL18148,CC(C)S(=O)(=O)c1c2ccccc2c(=O)n(c1O)Cc3ccc(cc3)F,COX-1,6.6
CHEMBL94494,Cc1cc2c(cc1F)-c3c(c(nn3c4ccc(cc4)S(=O)(=O)N)C(F)(F)F)SC2,COX-1,4.96
CHEMBL18020,CC(C)S(=O)(=O)c1c2cc(ccc2c(=O)n(c1O)Cc3ccccc3)Cl,COX-1,5.85
CHEMBL273420,c1ccc2c(c1)-c3c(c(nn3c4ccc(cc4)S(=O)(=O)N)C(F)(F)F)CS2,COX-1,5.01
CHEMBL328009,COc1cc2c(cc1F)-c3c(c(nn3c4ccc(cc4)S(=O)(=O)N)C(F)(F)F)SC2,COX-1,5.56
CHEMBL158310,CC(=CCn1c(=O)c(c(cn1)c2ccc(cc2)S(=O)(=O)C)c3ccc(cc3)F)C,COX-1,5.52
CHEMBL157730,CS(=O)(=O)c1ccc(cc1)c2cnn(c(=O)c2Oc3ccc(cc3)F)Cc4ccccc4,COX-1,6.0
CHEMBL155247,CC(C1CC1)n2c(=O)c(c(cn2)c3ccc(cc3)S(=O)(=O)C)c4ccc(cc4)F,COX-1,5.0
CHEMBL297008,Cc1ccc(n1c2ccccc2)c3ccc(cc3)S(=O)(=O)C,COX-2,7.22
CHEMBL289813,Cc1c(cc(n1c2ccc(cc2)F)c3ccc(cc3)S(=O)(=O)C)C=O,COX-2,5.49
CHEMBL43736,Cc1c(cc(n1c2ccc(cc2)F)c3ccc(cc3)S(=O)(=O)C)COc4cccc(c4)Cl,COX-2,7.1
CHEMBL44290,Cc1c(cc(n1c2ccc(cc2)F)c3ccc(cc3)S(=O)(=O)C)C(=O)C,COX-2,5.79
CHEMBL43737,Cc1ccc(cc1)n2c(ccc2c3ccc(cc3)S(=O)(=O)C)C,COX-2,7.4
CHEMBL42801,Cc1c(cc(n1c2ccc(cc2)F)c3ccc(cc3)S(=O)(=O)C)CN(C)C,COX-2,4.0
CHEMBL43210,CS(=O)(=O)c1ccc(cc1)c2cccn2c3ccc(cc3)F,COX-2,4.99
CHEMBL44101,Cc1c(cc(n1c2ccc(cc2)F)c3ccc(cc3)S(=O)(=O)C)CO,COX-2,5.41
CHEMBL44152,Cc1c(cc(n1c2ccc(cc2)F)c3ccc(cc3)S(=O)(=O)C)COc4ccc(cc4)Cl,COX-2,7.52
CHEMBL298208,Cc1ccc(n1c2ccc(c(c2)F)F)c3ccc(cc3)S(=O)(=O)C,COX-2,6.6
CHEMBL43002,Cc1ccc(n1c2ccc(cc2)F)c3ccc(cc3)S(=O)(=O)C,COX-2,7.22
CHEMBL42409,Cc1c(cc(n1c2ccc(cc2)F)c3ccc(cc3)S(=O)(=O)C)C(=O)C(F)(F)F,COX-2,6.92
CHEMBL43957,CS(=O)(=O)c1ccc(cc1)n2cccc2c3ccc(cc3)F,COX-2,6.29
CHEMBL43366,Cc1c(cc(n1c2ccc(cc2)F)c3ccc(cc3)S(=O)(=O)C)C#N,COX-2,6.1266665
CHEMBL43864,Cc1ccc(n1C2CCCCC2)c3ccc(cc3)S(=O)(=O)C,COX-2,6.28
CHEMBL44244,Cc1c(cc(n1c2ccc(cc2)F)c3ccc(cc3)S(=O)(=O)C)S(=O)(=O)C(F)(F)F,COX-2,7.22
CHEMBL44313,Cc1c(cc(n1c2ccc(cc2)F)c3ccc(cc3)S(=O)(=O)C)C(=O)c4ccccc4,COX-2,5.99
CHEMBL44362,Cc1c(cc(n1c2ccc(cc2)F)c3ccc(cc3)S(=O)(=O)C)C(C(F)(F)F)O,COX-2,5.84
CHEMBL42085,Cc1ccc(n1c2ccc(cc2)C(F)(F)F)c3ccc(cc3)S(=O)(=O)C,COX-2,7.1
CHEMBL297820,Cc1ccc(n1c2ccc(cc2)C(=O)C)c3ccc(cc3)S(=O)(=O)C,COX-2,5.54
CHEMBL44038,Cc1c(cc(n1c2ccc(cc2)F)c3ccc(cc3)S(=O)(=O)C)CC(F)(F)F,COX-2,6.85
CHEMBL294971,Cc1c(cc(n1c2ccc(cc2)F)c3ccc(cc3)S(=O)(=O)C)COC(=O)C,COX-2,6.33
CHEMBL43755,CN(C)S(=O)(=O)c1ccc(cc1)n2c(ccc2c3ccc(cc3)F)CCC(=O)O,COX-2,5.13
CHEMBL282185,COC(=O)c1cc2cc(ccc2n1C(=O)c3ccc(cc3)Cl)S(=O)(=O)C,COX-2,6.14
CHEMBL144658,CCCCSc1ccccc1OC(=O)C,COX-2,4.47
CHEMBL144547,CCCCC#CCSc1ccccc1OC(=O)CBr,COX-2,4.59
CHEMBL143339,CCCCCCCSc1ccccc1OC(=O)C,COX-2,5.7
CHEMBL345018,CCCCC#CCSc1ccccc1OC(=O)C,COX-2,6.1
CHEMBL357380,CCCCCC#CCSc1ccccc1OC(=O)C,COX-2,5.16
CHEMBL145029,CC(=O)Oc1ccccc1SCCc2ccccc2,COX-2,4.0
CHEMBL358309,CC(=O)Oc1ccccc1SCCCCCBr,COX-2,5.02
CHEMBL144806,CCCCCSc1ccccc1OC(=O)C,COX-2,5.3
CHEMBL144533,CC(=O)Oc1ccccc1SCCCCCCBr,COX-2,4.92
CHEMBL358097,CCCSc1ccccc1OC(=O)C,COX-2,4.18
CHEMBL144920,CCCC#CCSc1ccccc1OC(=O)C,COX-2,5.52
CHEMBL144218,CCCCCCSc1ccccc1OC(=O)C,COX-2,5.46
CHEMBL145180,CC(=O)Oc1ccccc1SCCCCCCI,COX-2,5.0
CHEMBL25,CC(=O)Oc1ccccc1C(=O)O,COX-1,4.7733335
CHEMBL145412,CCCC#CCCSc1ccccc1OC(=O)C,COX-2,5.19
CHEMBL285975,COC(=O)c1cc2cc(ccc2n1Cc3ccc(cc3)Cl)S(=O)(=O)C,COX-2,5.6433334
CHEMBL145071,CC(=O)Oc1ccccc1SCCCCCC(=O)O,COX-2,4.3
CHEMBL144232,CC#CCSc1ccccc1OC(=O)C,COX-2,4.7
CHEMBL145727,CCC#CCSc1ccccc1OC(=O)C,COX-2,5.3
CHEMBL146005,CC(=O)OCCCCCSc1ccccc1OC(=O)C,COX-2,4.3
CHEMBL143113,CC(=O)Oc1ccccc1SCC#C,COX-2,4.6
CHEMBL145247,CCCCOCCSc1ccccc1OC(=O)C,COX-2,5.16
CHEMBL144515,CCCCC#CC(C)Sc1ccccc1OC(=O)C,COX-2,5.16
CHEMBL282643,COC(=O)c1cc2cc(ccc2n1Cc3ccc(cc3)Br)S(=O)(=O)C,COX-2,5.43
CHEMBL31060,COc1ccc(cc1)Cn2c3ccc(cc3cc2C(=O)OC)S(=O)(=O)C,COX-2,5.2
CHEMBL347187,COc1ccc(cc1)NNC(=O)c2ccc(cc2)Cl,COX-2,6.89
CHEMBL154839,COc1ccc(cc1)C(=O)NNc2ccc(cc2)Cl,COX-2,6.33
CHEMBL110331,Cc1cccc(n1)c2nc(cn2c3ccc(cc3)S(=O)(=O)N)C(F)(F)F,COX-2,6.38
CHEMBL323954,Cn1cc(c2c1cccc2)c3nc(cn3c4ccc(cc4)S(=O)(=O)C)C(F)(F)F,COX-2,5.96
CHEMBL421417,CS(=O)(=O)c1ccc(cc1)n2cc(nc2c3cccs3)C(F)(F)F,COX-2,6.33
CHEMBL110660,Cc1cc(no1)c2nc(cn2c3ccc(cc3)S(=O)(=O)N)C(F)(F)F,COX-2,6.39
CHEMBL274893,CS(=O)(=O)c1ccc(cc1)C2=C(CCC2)c3ccc(cc3)F,COX-1,4.52
CHEMBL109486,COCc1ccc(cc1)C2=C(CCC2)c3ccc(cc3)S(=O)(=O)C,COX-2,5.18
CHEMBL54649,COc1ccc(cc1F)c2cc(c(cc2c3ccc(cc3)S(=O)(=O)C)F)F,COX-2,7.68
CHEMBL52872,CN(C)c1ccc(cc1Cl)c2cc(c(cc2c3ccc(cc3)S(=O)(=O)N)F)F,COX-1,6.23
CHEMBL29136,c1cc(ccc1c2cc(nn2c3ccc(cc3)S(=O)(=O)N)C#N)F,COX-2,6.47
CHEMBL29472,c1cc(ccc1n2c(cc(n2)C(F)(F)F)c3ccc(s3)Br)S(=O)(=O)N,COX-1,5.54
CHEMBL88649,c1cc(ccc1C2=C(CC3(C2)CC3)c4ccc(cc4)S(=O)(=O)N)OC(F)(F)F,COX-1,5.75
CHEMBL324509,CCOc1ccc(cc1)c2c(ncn2c3ccc(cc3)S(=O)(=O)C)Cl,COX-2,8.4
CHEMBL422530,c1cc(ccc1C(=O)NNc2ccc(cc2)Cl)Cl,COX-2,6.47
CHEMBL347267,c1ccc(cc1)C(=O)NNc2ccc(cc2)Cl,COX-2,6.28
CHEMBL44977,CN(C)c1ccc(cc1F)c2nc(cn2c3ccc(cc3)S(=O)(=O)C)C(F)(F)F,COX-1,4.77
CHEMBL43089,COc1cc(cc(c1)F)c2nc(cn2c3ccc(cc3)S(=O)(=O)N)C(F)(F)F,COX-2,6.34
CHEMBL43553,CN(C)c1c(cc(cc1Cl)c2nc(cn2c3ccc(cc3)S(=O)(=O)C)C(F)(F)F)Cl,COX-2,6.85
CHEMBL322136,Cc1cc(cnc1)c2nc(cn2c3ccc(cc3)S(=O)(=O)C)C(F)(F)F,COX-2,5.745
CHEMBL327078,Cc1ccc(nc1)c2nc(cn2c3ccc(cc3)S(=O)(=O)N)C(F)(F)F,COX-2,6.14
CHEMBL54945,CS(=O)(=O)c1ccc(cc1)c2cc(c(cc2c3ccc(cc3)F)Cl)Cl,COX-2,6.62
CHEMBL110612,Cc1ccncc1c2cc(c(cc2c3ccc(cc3)S(=O)(=O)C)F)F,COX-2,6.77
CHEMBL29839,COc1ccc(cc1)c2cc(nn2c3ccc(cc3)S(=O)(=O)N)C(F)(F)F,COX-1,5.59
CHEMBL116463,c1cc(ccc1CCOC(=O)NC2CCN(CC2)CCCC(c3ccc(cc3)F)c4ccc(cc4)F)C#N,Cannabinoid,5.22
CHEMBL559612,CCCCCCC(C)(C)c1ccc(c(c1)O)C2CC(CCC2CCCO)O,Cannabinoid,8.859091
CHEMBL181331,Cn1c(c(nc1C(=O)NN2CCOCC2)c3ccc(cc3Cl)Cl)c4ccc(cc4)Cl,Cannabinoid,6.77
CHEMBL361384,Cn1c(c(nc1C(=O)NC2CCCC2)c3ccc(cc3Cl)Cl)c4ccc(cc4)Cl,Cannabinoid,7.77
CHEMBL181096,Cn1c(c(nc1C(=O)NC2CCCCCC2)c3ccc(cc3Cl)Cl)c4ccc(cc4)Cl,Cannabinoid,8.1
CHEMBL181631,Cn1c(c(nc1C(=O)N(C)C2CCCCC2)c3ccc(cc3Cl)Cl)c4ccc(cc4)Cl,Cannabinoid,7.16
CHEMBL362643,Cn1c(c(nc1C(=O)Nc2ccccc2)c3ccc(cc3Cl)Cl)c4ccc(cc4)Cl,Cannabinoid,7.22
CHEMBL179507,CCn1c(c(nc1C(=O)NC2CCCCC2)c3ccc(cc3Cl)Cl)c4ccc(cc4)Cl,Cannabinoid,8.39
CHEMBL180461,Cn1c(c(nc1C(=O)NN2CCCCC2)c3ccc(cc3)Cl)c4ccc(cc4Cl)Cl,Cannabinoid,6.72
CHEMBL368441,Cn1c(c(nc1C(=O)NC2CCCCC2)c3ccc(cc3)Cl)c4ccc(cc4Cl)Cl,Cannabinoid,7.34
CHEMBL180144,Cn1c(c(nc1C(=O)NN2CCCCC2)c3ccc(cc3Cl)Cl)c4ccc(cc4Cl)Cl,Cannabinoid,7.8
CHEMBL361557,Cn1c(c(nc1C(=O)NC2CCCCC2)c3ccc(cc3Cl)Cl)c4ccc(cc4Cl)Cl,Cannabinoid,8.28
CHEMBL179119,c1cc(ccc1c2c(oc(n2)C(=O)NN3CCCCC3)c4ccc(cc4)Cl)Cl,Cannabinoid,5.655
CHEMBL179324,c1cc(ccc1c2c(oc(n2)C(=O)NC3CCCCC3)c4ccc(cc4)Cl)Cl,Cannabinoid,6.3
CHEMBL359488,c1cc(ccc1c2c(nc(o2)C(=O)NN3CCCCC3)c4ccc(cc4Cl)Cl)Cl,Cannabinoid,6.59
CHEMBL359945,c1cc(ccc1c2c(nc(o2)C(=O)NC3CCCCC3)c4ccc(cc4Cl)Cl)Cl,Cannabinoid,7.1
CHEMBL181305,c1cc(ccc1c2c(oc(n2)C(=O)NN3CCCCC3)c4ccc(cc4Cl)Cl)Cl,Cannabinoid,6.33
CHEMBL181403,c1cc(ccc1c2c(oc(n2)C(=O)NC3CCCCC3)c4ccc(cc4Cl)Cl)Cl,Cannabinoid,6.0
CHEMBL181254,c1cc(c(cc1Cl)Cl)c2c(oc(n2)C(=O)NC3CCCCC3)c4ccc(cc4Cl)Cl,Cannabinoid,7.16
CHEMBL182192,c1cc(c(cc1Cl)Cl)c2c(oc(n2)C(=O)NN3CCCCC3)c4ccc(cc4Cl)Cl,Cannabinoid,6.7
CHEMBL558598,Cc1c(n(nc1C(=O)NN2CCCCC2)c3ccc(cc3Cl)Cl)c4ccc(cc4)Cl,Acetylcholinesterase,4.6
CHEMBL179233,CC(=O)C(c1ccccc1)Sc2[nH]c(c(n2)c3ccccc3)c4ccccc4,Cannabinoid,5.16
CHEMBL361182,Cn1c(c(nc1C(=O)NN2CCCCC2)c3ccccc3)c4ccccc4,Cannabinoid,5.72
CHEMBL362638,Cn1c(c(nc1C(=O)N2CCCCC2)c3ccccc3)c4ccccc4,Cannabinoid,4.72
CHEMBL368223,Cn1c(c(nc1C(=O)NC2CCCCC2)c3ccccc3)c4ccccc4,Cannabinoid,5.745
CHEMBL360352,Cc1ccc(cc1)c2c(n(c(n2)C(=O)NN3CCCCC3)C)c4ccc(cc4)C,Cannabinoid,6.335
CHEMBL181269,Cc1ccc(cc1)c2c(n(c(n2)C(=O)NC3CCCCC3)C)c4ccc(cc4)C,Cannabinoid,6.05
CHEMBL362694,Cc1ccc(cc1)c2c(n(c(n2)C(=O)N3CCCCC3)C)c4ccc(cc4)C,Cannabinoid,5.465
CHEMBL362423,Cn1c(c(nc1C(=O)NN2CCCCC2)c3ccc(cc3)Cl)c4ccc(cc4)Cl,Cannabinoid,6.59
CHEMBL362679,Cn1c(c(nc1C(=O)NC2CCCCC2)c3ccc(cc3)Cl)c4ccc(cc4)Cl,Cannabinoid,6.35
CHEMBL180949,Cn1c(c(nc1C(=O)N2CCCCC2)c3ccc(cc3)Cl)c4ccc(cc4)Cl,Cannabinoid,5.96
CHEMBL179981,Cn1c(c(nc1C(=O)NN2CCOCC2)c3ccc(cc3)Cl)c4ccc(cc4)Cl,Cannabinoid,5.51
CHEMBL180734,CCCCCCNC(=O)c1nc(c(n1C)c2ccc(cc2)Cl)c3ccc(cc3)Cl,Cannabinoid,6.27
CHEMBL181818,CC(C)(C)NC(=O)c1nc(c(n1C)c2ccc(cc2)Cl)c3ccc(cc3)Cl,Cannabinoid,6.05
CHEMBL361181,c1cc(ccc1c2c(nc([nH]2)C(=O)NN3CCCCC3)c4ccc(cc4)Cl)Cl,Cannabinoid,5.22
CHEMBL361787,c1cc(ccc1c2c(nc([nH]2)C(=O)NC3CCCCC3)c4ccc(cc4)Cl)Cl,Cannabinoid,5.82
CHEMBL369097,Cn1c(c(nc1C(=O)NN2CCCCC2)c3ccc(cc3Cl)Cl)c4ccc(cc4)Cl,Cannabinoid,8.22
CHEMBL179473,Cn1c(c(nc1C(=O)NC2CCCCC2)c3ccc(cc3Cl)Cl)c4ccc(cc4)Cl,Cannabinoid,8.4
CHEMBL181888,CN(C)c1ccc(cc1)c2c(cc(c(n2)OCc3ccccc3)C#N)c4ccc(cc4)OC,Cannabinoid,6.28
CHEMBL180252,c1ccc(cc1)Cn2c(c(cc(c2=O)C#N)c3ccccc3)c4ccc(cc4)Cl,Cannabinoid,5.22
CHEMBL178987,c1ccc(cc1)Cn2c(c(cc(c2=O)C#N)c3ccc(cc3)Cl)c4ccc(cc4Cl)Cl,Cannabinoid,5.7
CHEMBL180507,c1cc(ccc1c2ccc(nc2c3ccc(cc3Cl)Cl)C(=O)N4CCCCC4)Cl,Cannabinoid,6.47
CHEMBL360474,CCCCCCNC(=O)c1ccc(c(n1)c2ccc(cc2Cl)Cl)c3ccc(cc3)Cl,Cannabinoid,7.37
CHEMBL180447,CCCC(CCC)NC(=O)c1ccc(c(n1)c2ccc(cc2Cl)Cl)c3ccc(cc3)Cl,Cannabinoid,7.5
CHEMBL181720,c1cc(ccc1c2ccc(nc2c3ccc(cc3Cl)Cl)C(=O)NC4CCCC4)Cl,Cannabinoid,7.28
CHEMBL180648,c1cc(ccc1c2ccc(nc2c3ccc(cc3Cl)Cl)C(=O)NC4CCCCC4)Cl,Cannabinoid,7.02
CHEMBL360673,c1cc(ccc1c2ccc(nc2c3ccc(cc3Cl)Cl)C(=O)NC4CCCCCC4)Cl,Cannabinoid,7.46
CHEMBL180564,c1cc(ccc1c2ccc(nc2c3ccc(cc3Cl)Cl)C(=O)NN4CCCCC4)Cl,Cannabinoid,7.25
CHEMBL181016,c1ccc(cc1)NC(=O)c2ccc(c(n2)c3ccc(cc3Cl)Cl)c4ccc(cc4)Cl,Cannabinoid,6.68
CHEMBL182141,c1ccc(cc1)CNC(=O)c2ccc(c(n2)c3ccc(cc3Cl)Cl)c4ccc(cc4)Cl,Cannabinoid,7.51
CHEMBL180360,c1cc(ccc1c2cc(c(nc2c3ccc(cc3Cl)Cl)OCc4cc(cc(c4)F)F)C#N)Cl,Cannabinoid,8.75
CHEMBL362219,c1cc(ccc1c2cc(c(nc2c3ccc(cc3Cl)Cl)OCc4ccc(cc4F)F)C#N)Cl,Cannabinoid,8.57
CHEMBL367819,c1cc(ccc1c2cc(c(nc2c3ccc(cc3Cl)Cl)OCc4ccc(c(c4)F)F)C#N)Cl,Cannabinoid,8.89
CHEMBL2113009,c1cc(cc(c1)Cl)COc2c(cc(c(n2)c3ccc(cc3Cl)Cl)c4ccc(cc4)Cl)C#N,Cannabinoid,8.24
CHEMBL361519,c1cc(ccc1COc2c(cc(c(n2)c3ccc(cc3Cl)Cl)c4ccc(cc4)Cl)C#N)C(F)(F)F,Cannabinoid,8.47
CHEMBL178446,c1cc(ccc1c2cc(c(nc2c3ccc(cc3)Cl)OCc4ccc(c(c4)F)F)C#N)Cl,Cannabinoid,7.75
CHEMBL179787,c1ccc(c(c1)c2c(cc(c(n2)OCc3ccc(c(c3)F)F)C#N)c4ccc(cc4)Cl)Cl,Cannabinoid,8.1
CHEMBL180409,c1cc(ccc1c2cc(c(nc2c3ccc(cc3Cl)Cl)OCc4ccc(c(c4)F)F)C#N)F,Cannabinoid,8.14
CHEMBL181629,Cc1ccc(cc1)c2cc(c(nc2c3ccc(cc3Cl)Cl)OCc4ccc(c(c4)F)F)C#N,Cannabinoid,8.2
CHEMBL362215,c1cc(ccc1c2cc(c(nc2c3ccc(cc3F)F)OCc4ccc(c(c4)F)F)C#N)F,Cannabinoid,7.18
CHEMBL179779,c1ccc(cc1)COc2c(cc(c(n2)c3ccc(cc3Cl)Cl)c4ccc(cc4)Cl)C(=O)N,Cannabinoid,7.75
CHEMBL426241,CNC(=O)c1cc(c(nc1OCc2ccccc2)c3ccc(cc3Cl)Cl)c4ccc(cc4)Cl,Cannabinoid,8.16
CHEMBL361152,CN(C)C(=O)c1cc(c(nc1OCc2ccccc2)c3ccc(cc3Cl)Cl)c4ccc(cc4)Cl,Cannabinoid,7.66
CHEMBL360763,CCNC(=O)c1cc(c(nc1OCc2ccccc2)c3ccc(cc3Cl)Cl)c4ccc(cc4)Cl,Cannabinoid,8.85
CHEMBL426601,CCCNC(=O)c1cc(c(nc1OCc2ccccc2)c3ccc(cc3Cl)Cl)c4ccc(cc4)Cl,Cannabinoid,8.22
CHEMBL361785,c1ccc(cc1)COc2c(cc(c(n2)c3ccc(cc3Cl)Cl)c4ccc(cc4)Cl)C(=O)NC5CCCC5,Cannabinoid,7.75
CHEMBL180028,c1ccc(cc1)COc2c(cc(c(n2)c3ccc(cc3Cl)Cl)c4ccc(cc4)Cl)C(=O)NN5CCCCC5,Cannabinoid,7.39
CHEMBL359865,COC(=O)c1cc(c(nc1OCc2ccccc2)c3ccc(cc3Cl)Cl)c4ccc(cc4)Cl,Cannabinoid,8.46
CHEMBL179901,COC(=O)c1cc(c(nc1OCc2ccc(c(c2)F)F)c3ccc(cc3Cl)Cl)c4ccc(cc4)Cl,Cannabinoid,8.89
CHEMBL425870,CCCCOc1c(cc(c(n1)c2ccc(cc2Cl)Cl)c3ccc(cc3)Cl)C(=O)OC,Cannabinoid,8.72
CHEMBL360783,COC(=O)c1cc(c(nc1OCC2CCCCC2)c3ccc(cc3Cl)Cl)c4ccc(cc4)Cl,Cannabinoid,8.54
CHEMBL181875,CNC(=O)c1cc(c(nc1OCc2ccc(c(c2)F)F)c3ccc(cc3Cl)Cl)c4ccc(cc4)Cl,Cannabinoid,8.51
CHEMBL360104,CCNC(=O)c1cc(c(nc1OCc2ccc(c(c2)F)F)c3ccc(cc3Cl)Cl)c4ccc(cc4)Cl,Cannabinoid,8.72
CHEMBL425163,CCCNC(=O)c1cc(c(nc1OCc2ccc(c(c2)F)F)c3ccc(cc3Cl)Cl)c4ccc(cc4)Cl,Cannabinoid,8.77
CHEMBL362192,c1cc(ccc1c2cc(c(nc2c3ccc(cc3Cl)Cl)OCc4ccc(c(c4)F)F)C(=O)NCCF)Cl,Cannabinoid,8.82
CHEMBL361020,CC(C)NC(=O)c1cc(c(nc1OCc2ccc(c(c2)F)F)c3ccc(cc3Cl)Cl)c4ccc(cc4)Cl,Cannabinoid,8.75
CHEMBL181164,CCCCOc1c(cc(c(n1)c2ccc(cc2Cl)Cl)c3ccc(cc3)Cl)C(=O)N,Cannabinoid,7.5
CHEMBL182948,CCCCOc1c(cc(c(n1)c2ccc(cc2Cl)Cl)c3ccc(cc3)Cl)C(=O)NC,Cannabinoid,7.77
CHEMBL180861,CCCCOc1c(cc(c(n1)c2ccc(cc2Cl)Cl)c3ccc(cc3)Cl)C(=O)NCCC,Cannabinoid,7.68
CHEMBL360723,CNC(=O)c1cc(c(nc1OCC2CCCCC2)c3ccc(cc3Cl)Cl)c4ccc(cc4)Cl,Cannabinoid,8.47
CHEMBL180394,CCCNC(=O)c1cc(c(nc1OCC2CCCCC2)c3ccc(cc3Cl)Cl)c4ccc(cc4)Cl,Cannabinoid,8.28
CHEMBL180077,CN(C)C(=O)c1cc(c(nc1Cl)c2ccc(cc2Cl)Cl)c3ccc(cc3)Cl,Cannabinoid,5.89
CHEMBL359500,CCCNC(=O)c1cc(c(nc1Cl)c2ccc(cc2Cl)Cl)c3ccc(cc3)Cl,Cannabinoid,7.28
CHEMBL178243,CCCCCCNC(=O)c1cc(c(nc1Cl)c2ccc(cc2Cl)Cl)c3ccc(cc3)Cl,Cannabinoid,7.24
CHEMBL361003,c1cc(ccc1c2cc(c(nc2c3ccc(cc3Cl)Cl)Cl)C(=O)NN4CCCCC4)Cl,Cannabinoid,6.4
CHEMBL180154,c1cc(ccc1c2cc(cnc2c3ccc(cc3Cl)Cl)C(=O)N4CCCCC4)Cl,Cannabinoid,6.34
CHEMBL360711,CCCCCCNC(=O)c1cc(c(nc1)c2ccc(cc2Cl)Cl)c3ccc(cc3)Cl,Cannabinoid,7.19
CHEMBL362650,c1cc(ccc1c2cc(cnc2c3ccc(cc3Cl)Cl)C(=O)NC4CCCCC4)Cl,Cannabinoid,6.68
CHEMBL182241,c1cc(ccc1c2cc(cnc2c3ccc(cc3Cl)Cl)C(=O)NN4CCCCC4)Cl,Cannabinoid,6.32
CHEMBL181088,c1ccc(cc1)COc2c(cc(c(n2)c3ccc(cc3)Cl)c4ccccc4)C#N,Cannabinoid,6.09
CHEMBL361119,c1ccc(cc1)COc2c(cc(c(n2)c3ccc(cc3Cl)Cl)c4ccc(cc4)Cl)C#N,Cannabinoid,7.96
CHEMBL425527,c1cc(ccc1COc2c(cc(c(n2)c3ccc(cc3Cl)Cl)c4ccc(cc4)Cl)C#N)F,Cannabinoid,8.51
CHEMBL201388,CC(C)Cn1c2c(cc(c(n2)c3ccc(cc3Cl)Cl)c4ccc(cc4)Cl)c(c(c1=O)C(=O)C)NC(=O)C,Cannabinoid,8.64
CHEMBL204391,CC(=O)Nc1cc(=O)n(c2c1cc(c(n2)c3ccc(cc3Cl)Cl)c4ccc(cc4)Cl)C,Cannabinoid,6.955
CHEMBL265787,CC(=O)Nc1c2cc(c(nc2n(c(=O)c1C#N)C)c3ccc(cc3Cl)Cl)c4ccc(cc4)Cl,Cannabinoid,7.455
CHEMBL202013,Cc1c(c2cc(c(nc2n(c1=O)C)c3ccc(cc3Cl)Cl)c4ccc(cc4)Cl)NC(=O)C,Cannabinoid,7.59
CHEMBL201102,CC(=O)Nc1c2cc(c(nc2n(c(=O)c1OC)C)c3ccc(cc3Cl)Cl)c4ccc(cc4)Cl,Cannabinoid,7.62
CHEMBL202659,CC(=O)Nc1c2cc(c(nc2n(c(=O)c1N(C)C)C)c3ccc(cc3Cl)Cl)c4ccc(cc4)Cl,Cannabinoid,7.7
CHEMBL381677,CC(C)c1c(c2cc(c(nc2n(c1=O)C)c3ccc(cc3Cl)Cl)c4ccc(cc4)Cl)NC(=O)C,Cannabinoid,7.82
CHEMBL203811,CC(=O)c1c(c2cc(c(nc2n(c1=O)C)c3ccc(cc3Cl)Cl)c4ccc(cc4)Cl)N,Cannabinoid,6.92
CHEMBL544127,CC(C)CN(C)Cc1cc(ccc1O)C(=O)c2cc(sc2)S(=O)(=O)N,Carbonic,8.05
CHEMBL340519,COc1ccc(cc1)C(=O)c2cc(oc2)S(=O)(=O)N,Carbonic,8.7
CHEMBL541089,CN(C)Cc1cc(ccc1O)C(=O)c2cc(sc2)S(=O)(=O)N,Carbonic,8.19
CHEMBL555153,c1cc(ccc1CN2CCOCC2)S(=O)(=O)c3cc(sc3)S(=O)(=O)N,Carbonic,8.12
CHEMBL539817,CC(C)CN(C)Cc1cc(ccc1O)S(=O)(=O)c2cc(sc2)S(=O)(=O)N,Carbonic,8.3
CHEMBL544355,CC(C)CCNCc1cccc(c1)C(=O)c2cc(sc2)S(=O)(=O)N,Carbonic,8.05
CHEMBL554875,CN1CCN(CC1)Cc2ccc(cc2)S(=O)(=O)c3cc(sc3)S(=O)(=O)N,Carbonic,7.96
CHEMBL559014,CN1CCN(CC1)Cc2ccccc2S(=O)(=O)c3cc(sc3)S(=O)(=O)N,Carbonic,7.64
CHEMBL553909,CN(C)Cc1cc(ccc1O)S(=O)(=O)c2cc(oc2)S(=O)(=O)N,Carbonic,8.16
CHEMBL545057,CCN(CC)Cc1cc(ccc1O)S(=O)(=O)c2cc(sc2)S(=O)(=O)N,Carbonic,8.05
CHEMBL123923,Cc1ccc(cc1)S(=O)(=O)c2cc(oc2)S(=O)(=O)N,Carbonic,8.38
CHEMBL544827,CC(C)CNCc1ccc(cc1)C(=O)c2cc(sc2)S(=O)(=O)N,Carbonic,8.32
CHEMBL540329,CNCc1ccc(cc1)C(=O)c2cc(sc2)S(=O)(=O)N,Carbonic,8.35
CHEMBL541087,CCCCNCc1ccc(cc1)C(=O)c2cc(sc2)S(=O)(=O)N,Carbonic,7.92
CHEMBL127817,c1cc(cc(c1)S(=O)(=O)c2cc(sc2)S(=O)(=O)N)O,Carbonic,8.68
CHEMBL541341,CN1CCN(CC1)Cc2ccc(cc2)C(=O)c3cc(sc3)S(=O)(=O)N,Carbonic,8.4
CHEMBL555312,CC(C)CNCc1ccc(cc1O)S(=O)(=O)c2cc(sc2)S(=O)(=O)N,Carbonic,7.85
CHEMBL555186,CC(C)CNCc1cccc(c1)C(=O)c2cc(sc2)S(=O)(=O)N,Carbonic,7.89
CHEMBL262726,COc1ccc(cc1)S(=O)(=O)c2cc(sc2)S(=O)(=O)N,Carbonic,7.35
CHEMBL557231,c1ccc(c(c1)CNCc2ccccn2)S(=O)(=O)c3cc(sc3)S(=O)(=O)N,Carbonic,7.82
CHEMBL333747,c1cc(ccc1O)S(=O)(=O)c2cc(oc2)S(=O)(=O)N,Carbonic,8.38
CHEMBL341530,c1cc(ccc1O)S(=O)(=O)c2cc(sc2)S(=O)(=O)N,Carbonic,8.3
CHEMBL539558,CCCCNCc1ccc(cc1)S(=O)(=O)c2cc(sc2)S(=O)(=O)N,Carbonic,7.54
CHEMBL538536,CCN(CC)Cc1cc(ccc1O)S(=O)(=O)c2cc(oc2)S(=O)(=O)N,Carbonic,8.0
CHEMBL555355,c1cc(cc(c1)C(=O)c2cc(sc2)S(=O)(=O)N)CN3CCOCC3,Carbonic,8.3
CHEMBL543415,CC(C)CNCc1ccc(cc1)S(=O)(=O)c2cc(sc2)S(=O)(=O)N,Carbonic,7.89
CHEMBL541597,CC(C)(C)NCc1ccc(cc1)S(=O)(=O)c2cc(sc2)S(=O)(=O)N,Carbonic,7.44
CHEMBL545756,c1cc(ccc1CN2CCOCC2)C(=O)c3cc(sc3)S(=O)(=O)N,Carbonic,8.43
CHEMBL541856,CC(C)CNCc1cccc(c1)S(=O)(=O)c2cc(sc2)S(=O)(=O)N,Carbonic,7.92
CHEMBL540835,c1ccc(cc1)CNCc2ccc(cc2)C(=O)c3cc(sc3)S(=O)(=O)N,Carbonic,8.62
CHEMBL542219,CCN(CC)Cc1cc(ccc1O)C(=O)c2cc(sc2)S(=O)(=O)N,Carbonic,8.16
CHEMBL541080,CN(C)Cc1cc(ccc1O)S(=O)(=O)c2cc(sc2)S(=O)(=O)N,Carbonic,8.05
CHEMBL123979,COc1ccc(cc1)S(=O)(=O)c2cc(oc2)S(=O)(=O)N,Carbonic,8.6
CHEMBL125102,c1cc(ccc1C(=O)c2cc(sc2)S(=O)(=O)N)O,Carbonic,8.6
CHEMBL341037,Cc1ccc(cc1)C(=O)c2cc(sc2)S(=O)(=O)N,Carbonic,8.7
CHEMBL555588,CC(C)CNCc1ccccc1S(=O)(=O)c2cc(sc2)S(=O)(=O)N,Carbonic,7.75
CHEMBL545527,CCN(CC)Cc1ccc(cc1O)S(=O)(=O)c2cc(sc2)S(=O)(=O)N,Carbonic,7.8
CHEMBL413114,COc1ccc(cc1)C(=O)c2cc(sc2)S(=O)(=O)N,Carbonic,8.5
CHEMBL333588,Cc1ccc(cc1)S(=O)(=O)c2cc(sc2)S(=O)(=O)N,Carbonic,8.5
CHEMBL544826,CCC(C)NCc1cccc(c1)S(=O)(=O)c2cc(sc2)S(=O)(=O)N,Carbonic,7.59
CHEMBL544129,c1ccnc(c1)CNCc2ccc(cc2)S(=O)(=O)c3cc(sc3)S(=O)(=O)N,Carbonic,8.1
CHEMBL554012,CC(C)NCc1cccc(c1)S(=O)(=O)c2cc(sc2)S(=O)(=O)N,Carbonic,7.66
CHEMBL544030,COCCNCc1cc2cc(sc2s1)S(=O)(=O)N,Carbonic,8.3
CHEMBL554425,COCCN(CCOC)Cc1cc2cc(sc2s1)S(=O)(=O)N,Carbonic,8.38
CHEMBL543792,CC(C)CNCc1cc2c(s1)cc(s2)S(=O)(=O)N,Carbonic,8.55
CHEMBL104754,c1cc(c(cc1S(=O)(=O)N)F)SCCCCO,Carbonic,8.82
CHEMBL69114,CN(C)Cc1cc(ccc1O)S(=O)(=O)c2ccc(s2)S(=O)(=O)N,Carbonic,9.16
CHEMBL540026,c1c2cc(sc2sc1CN3CCOCC3)S(=O)(=O)N,Carbonic,8.52
CHEMBL553832,CC(c1cc2cc(sc2s1)S(=O)(=O)N)NCCOCCOC,Carbonic,9.16
CHEMBL555385,CNCc1cc2cc(sc2s1)S(=O)(=O)N,Carbonic,8.52
CHEMBL20,CC(=O)Nc1nnc(s1)S(=O)(=O)N,Carbonic,7.153393
CHEMBL554042,c1c2cc(sc2sc1CN(CCO)CCO)S(=O)(=O)N,Carbonic,8.64
CHEMBL552892,CNCc1cc2c(s1)cc(s2)S(=O)(=O)N,Carbonic,8.5
CHEMBL552890,c1c2cc(sc2sc1CNCCO)S(=O)(=O)N,Carbonic,8.2
CHEMBL17,c1c(cc(c(c1S(=O)(=O)N)Cl)Cl)S(=O)(=O)N,Carbonic,7.408
CHEMBL543798,COCCOCCCNCc1cc2cc(sc2s1)S(=O)(=O)N,Carbonic,8.19
CHEMBL104621,c1cc(sc1S(=O)(=O)CCCCO)S(=O)(=O)N,Carbonic,8.64
CHEMBL543561,c1c2cc(sc2sc1CNC(CO)CO)S(=O)(=O)N,Carbonic,8.08
CHEMBL556132,COCCNCc1cc2c(s1)cc(s2)S(=O)(=O)N,Carbonic,8.55
CHEMBL51975,c1c2cc(sc2sc1C(=O)NCC(CO)O)S(=O)(=O)N,Carbonic,8.5
CHEMBL121137,CC(C)(C)C(=O)Oc1ccc2c(c1)cc(s2)S(=O)(=O)N,Carbonic,8.59
CHEMBL538245,CC(C)CNCc1cc2cc(sc2s1)S(=O)(=O)N,Carbonic,8.6
CHEMBL331715,C(=O)(C(F)(F)F)NO,Carbonic,5.42
CHEMBL543319,CC(c1cc2cc(sc2s1)S(=O)(=O)N)N(CCOC)CCOCCOC,Carbonic,9.3
CHEMBL105080,c1c2cc(oc2sc1CN3CCOCC3)S(=O)(=O)N,Carbonic,8.25
CHEMBL542372,COCCCNCc1cc2cc(sc2s1)S(=O)(=O)N,Carbonic,8.31
CHEMBL555543,c1c2cc(sc2sc1CN3CCSCC3)S(=O)(=O)N,Carbonic,8.59
CHEMBL544731,c1c2cc(sc2sc1C(=O)NCCN3CCSCC3)S(=O)(=O)N,Carbonic,8.54
CHEMBL542122,CC(C=O)N(Cc1cc2cc(sc2s1)S(=O)(=O)N)C(C)C=O,Carbonic,8.57
CHEMBL544738,COCCN(CCOC)Cc1cc2c(s1)cc(s2)S(=O)(=O)N,Carbonic,8.6
CHEMBL545431,c1c2cc(sc2sc1C(=O)NCCN3CCOCC3)S(=O)(=O)N,Carbonic,8.54
CHEMBL120304,c1cc(ccc1NC(=O)N)S(=O)(=O)Nc2ccc(cc2)S(=O)(=O)N,Carbonic,8.16
CHEMBL218490,CCNC1CC(S(=O)(=O)c2c1cc(s2)S(=O)(=O)N)C,Carbonic,8.81
CHEMBL52944,c1c2cc(sc2sc1CN3CC[S+](CC3)[O-])S(=O)(=O)N,Carbonic,8.4
CHEMBL541810,COCCN(CCNC(=O)c1cc2cc(sc2s1)S(=O)(=O)N)CCOC,Carbonic,8.6
CHEMBL553217,C[S+](CCNCc1cc2cc(sc2s1)S(=O)(=O)N)[O-],Carbonic,8.08
CHEMBL333193,c1c2c(sc1S(=O)(=O)N)S(=O)(=O)CCC2,Carbonic,8.35
CHEMBL417975,CC(C)CNC1CCS(=O)(=O)c2c1cc(s2)S(=O)(=O)N,Carbonic,8.971429
CHEMBL84649,CC(C)(C(=O)Oc1ccc2c(c1)sc(n2)S(=O)(=O)N)OC,Carbonic,8.92
CHEMBL553951,c1c2cc(sc2sc1CNCC3CC3)S(=O)(=O)N,Carbonic,8.48
CHEMBL50395,COCCN(CCOCCOC)C(Cc1ccc(cc1)F)c2cc3cc(sc3s2)S(=O)(=O)N,Carbonic,8.94
CHEMBL734,CC(=O)NO,Carbonic,4.33
CHEMBL555889,CN(C)CCNC(=O)c1cc2cc(sc2s1)S(=O)(=O)N,Carbonic,8.06
CHEMBL51097,c1c2cc(sc2sc1C(=O)N(CCO)CCO)S(=O)(=O)N,Carbonic,8.18
CHEMBL120418,c1c2c(sc1S(=O)(=O)N)C(=O)CCS2,Carbonic,8.46
CHEMBL120917,CC1(OC2C3C(CCC2(O1)COS(=O)(=O)N)OS(=O)(=O)O3)C,Carbonic,6.89
CHEMBL555542,c1c2cc(sc2sc1CNCCCCO)S(=O)(=O)N,Carbonic,8.52
CHEMBL120728,CN(C)S(=O)(=O)Oc1ccc2c(c1)sc(n2)S(=O)(=O)N,Carbonic,8.92
CHEMBL539259,CC(C)(C)NCc1cc2cc(sc2s1)S(=O)(=O)N,Carbonic,8.0
CHEMBL543559,COCCN(CCOCCOC)Cc1cc2cc(sc2s1)S(=O)(=O)N,Carbonic,8.55
CHEMBL120046,COCCN(CCOCCOC)c1cc2cc(sc2s1)S(=O)(=O)N,Carbonic,8.55
CHEMBL53964,C[S+](CCNC(=O)c1cc2cc(sc2s1)S(=O)(=O)N)[O-],Carbonic,8.34
CHEMBL555548,COCCOCCN(CCOCCOC)Cc1cc2cc(sc2s1)S(=O)(=O)N,Carbonic,8.4
CHEMBL544970,CSCCNCc1cc2cc(sc2s1)S(=O)(=O)N,Carbonic,8.4
CHEMBL121031,CCNC1CN(S(=O)(=O)c2c1cc(s2)S(=O)(=O)N)CCCCOC,Carbonic,8.5
CHEMBL333520,c1c2cc(sc2sc1N3CCOCC3)S(=O)(=O)N,Carbonic,8.52
CHEMBL121086,CC(C)(C)C(=O)Oc1ccc2cc(oc2c1)S(=O)(=O)N,Carbonic,8.34
CHEMBL50929,c1c2cc(sc2sc1CN)S(=O)(=O)N,Carbonic,7.85
CHEMBL544032,c1c2cc(sc2sc1CNCCF)S(=O)(=O)N,Carbonic,8.57
CHEMBL92017,c1ccc(cc1)COC(=O)NC2CCC3N(C2=O)C(CS3)C(=O)NC4CC(=O)OC4O,Caspase,4.07
CHEMBL430648,CC(C)C(C(=O)NC1CC(=O)OC1O)NC(=O)C(CCC(=O)O)NC(=O)C(CC(=O)O)NC(=O)C,Caspase,8.69
CHEMBL2370217,CC(C)C(C(=O)NC(C)C(=O)NC1CC(=O)OC1O)NC(=O)C(Cc2ccc(cc2)O)NC(=O)C,Caspase,4.82
CHEMBL329917,CC(=O)NC(CC(=O)O)C(=O)NC1CCCC2N(C1=O)C(CS2)C(=O)NC3CC(=O)OC3O,Caspase,7.75
CHEMBL318016,CC(C)C(C(=O)N1CCCC1C(=O)NC2CC(=O)OC2O)NC(=O)OCc3ccccc3,Caspase,4.85
CHEMBL92930,c1ccc(cc1)COC(=O)NC2CCCCN(C2=O)CC(=O)NC3CC(=O)OC3O,Caspase,4.28
CHEMBL328015,CC(C)C(C(=O)NC(C)C(=O)NC1CC(=O)OC1O)NC(=O)OCc2ccccc2,Caspase,4.33
CHEMBL2370213,CC(C)C(C(=O)NC(C)C(=O)NC1CC(=O)OC1O)NC(=O)C(CC(=O)O)NC(=O)C,Caspase,7.13
CHEMBL420619,CC(C)C(C(=O)N1CCCCC1C(=O)NC2CC(=O)OC2O)NC(=O)OCc3ccccc3,Caspase,5.46
CHEMBL285638,CC(C)C(C(=O)NC(CC=O)CC(=O)O)NC(=O)C(CCC(=O)O)NC(=O)C(CC(=O)O)NC(=O)C,Caspase,6.36
CHEMBL90224,CC(C)CC(C(=O)NC(CC(=O)O)C=O)NC(=O)CNc1cccc2c1cccc2,Caspase,7.89
CHEMBL90307,CC(C)CC(C(=O)NC(CC(=O)O)C=O)NC(=O)C(=O)Nc1cccc2c1cccc2,Caspase,8.0
CHEMBL330535,CC(C)CC(C(=O)NC(CC(=O)O)C=O)NC(=O)COc1cccc2c1cccc2,Caspase,6.87
CHEMBL100643,CC(C)CC(C(=O)NC1CC(=O)OC1O)NC(=O)C(CCC(=O)O)Oc2cccc3c2cccc3,Caspase,7.68
CHEMBL3142757,CC(C)CC(C(=O)NC1CC(=O)OC1O)NC(=O)C(C)Nc2cccc3c2cccc3,Caspase,6.29
CHEMBL328155,CC(C)C(C(=O)NC1CC(=O)OC1O)NC(=O)COc2cc3ccccc3cc2C(=O)O,Caspase,6.14
CHEMBL323322,CC(C)C(C(=O)NC1CC(=O)OC1O)NC(=O)CNc2cccc3c2cccc3,Caspase,5.81
CHEMBL319251,CC(C)CC(C(=O)CC1CC(=O)OC1O)NC(=O)OCc2ccccc2,Caspase,5.46
CHEMBL100559,CC(C)C(C(=O)NC1CC(=O)OC1O)NC(=O)COc2cccc3c2cccc3NS(=O)(=O)C(F)(F)F,Caspase,6.68
CHEMBL317246,CC(C)C(C(=O)NC1CC(=O)OC1O)NC(=O)CCOc2cccc3c2cccc3,Caspase,5.36
CHEMBL323570,CC(C)C(C(=O)NC1CC(=O)OC1O)NC(=O)COc2cccc3c2cccc3,Caspase,6.45
CHEMBL100933,CC(C)C(C(=O)CC1CC(=O)OC1O)NC(=O)OCc2ccccc2,Caspase,5.76
CHEMBL327298,CC(C)C(C(=O)NC1CC(=O)OC1O)NC(=O)COc2ccc3ccccc3c2C(=O)O,Caspase,6.4
CHEMBL100591,CC(C)C(C(=O)NC1CC(=O)OC1O)NC(=O)COc2cc3ccccc3cc2NS(=O)(=O)C(F)(F)F,Caspase,5.72
CHEMBL101182,CC(C)CC(C(=O)NC1CC(=O)OC1O)NC(=O)CNc2cccc(c2)Oc3ccccc3,Caspase,6.64
CHEMBL101145,CC(C)C(C(=O)NC1CC(=O)OC1O)NC(=O)COc2c3ccccc3ccc2C(=O)O,Caspase,7.27
CHEMBL322631,CC(C)CC(C(=O)NC1CC(=O)OC1O)NC(=O)CNc2cccc3c2cccc3,Caspase,7.89
CHEMBL100588,CC(C)CC(C(=O)NC1CC(=O)OC1O)NC(=O)C(CCC(=O)O)NC(=O)OCc2ccccc2,Caspase,8.64
CHEMBL100405,CC(C)CC(C(=O)NC1CC(=O)OC1O)NC(=O)COc2ccc3ccccc3c2,Caspase,6.03
CHEMBL101622,CC(C)CC(C(=O)NC1CC(=O)OC1O)NC(=O)CNCC(Cc2ccccc2)c3ccccc3,Caspase,6.5
CHEMBL318386,CC(C)CC(C(=O)NC1CC(=O)OC1O)NC(=O)COc2cccc3c2cccc3,Caspase,6.87
CHEMBL420366,c1ccc(cc1)CNS(=O)(=O)c2cc(cnc2)C(=O)NC(CC(=O)O)C(=O)CSCc3ccc(cc3)F,Caspase,6.47
CHEMBL65994,CCN(CC)C(=O)c1cc(cnc1)C(=O)NC(CC(=O)O)C(=O)CSCc2ccc(cc2)F,Caspase,6.21
CHEMBL293622,CN1c2ccc(cc2C(=O)C1=O)[N+](=O)[O-],Caspase,6.0
CHEMBL60306,c1ccc(cc1)CN2c3ccc(cc3C(=O)C2=O)[N+](=O)[O-],Caspase,6.6
CHEMBL64584,CN1c2ccc(cc2C(=O)C1=O)C#N,Caspase,6.22
CHEMBL70071,c1ccc(cc1)SCC(=O)C(CC(=O)O)NC(=O)c2cc(cnc2)Br,Caspase,4.93
CHEMBL308465,CC(C)CN(CC(C)C)C(=O)c1cc(cnc1)C(=O)NC(CC(=O)O)C(=O)CSCc2ccc(cc2)F,Caspase,6.89
CHEMBL64789,c1cc2c(cc1S(=O)(=O)N3CCC3)C(=O)C(=O)N2,Caspase,6.77
CHEMBL61320,c1cc2c(cc1S(=O)(=O)N3CCCCC3)C(=O)C(=O)N2,Caspase,5.66
CHEMBL69426,c1ccc(cc1)CCCCCC(=O)C(CC(=O)O)NC(=O)c2cc(cnc2)Br,Caspase,4.01
CHEMBL62993,c1ccc(cc1)OCC2CCCN2S(=O)(=O)c3ccc4c(c3)C(=O)C(=O)N4,Caspase,7.2775
CHEMBL304276,c1ccnc(c1)C(=O)NC(CC(=O)O)C=O,Caspase,4.26
CHEMBL67349,c1ccc(cc1)CC(=O)C(CC(=O)O)NC(=O)c2cc(cnc2)Br,Caspase,4.2
CHEMBL62187,CN(CC1CCCN1S(=O)(=O)c2ccc3c(c2)C(=O)C(=O)N3)c4ccccc4,Caspase,5.26
CHEMBL421678,c1c(cncc1S(=O)(=O)NC2CC2)C(=O)NC(CC(=O)O)C=O,Caspase,5.97
CHEMBL302972,c1ccc(cc1)OC(=O)C(CC(=O)O)NC(=O)c2cc(cnc2)S(=O)(=O)NC3CC3,Caspase,6.41
CHEMBL66690,CCCN(CCC)C(=O)c1cc(cnc1)C(=O)NC(CC(=O)O)C(=O)CSCc2ccc(cc2)F,Caspase,6.39
CHEMBL65959,CN(C)S(=O)(=O)c1cc(cnc1)C(=O)NC(CC(=O)O)C(=O)CSCc2ccc(cc2)F,Caspase,6.52
CHEMBL303405,CN(C1CC1)S(=O)(=O)c2cc(cnc2)C(=O)NC(CC(=O)O)C(=O)CSCc3ccc(cc3)F,Caspase,6.57
CHEMBL62282,CC(C)(C)OC(=O)C1CCCN1S(=O)(=O)c2ccc3c(c2)C(=O)C(=O)N3,Caspase,7.16
CHEMBL63044,CN(C)C(=O)C1CCCN1S(=O)(=O)c2ccc3c(c2)C(=O)C(=O)N3,Caspase,6.39
CHEMBL64895,c1ccc(cc1)OCC2CCCN2S(=O)(=O)c3ccc4c(c3)C(=O)C(=O)N4CC5CCCCC5,Caspase,8.28
CHEMBL432331,CCN(C(C)C)C(=O)c1cc(cnc1)C(=O)NC(CC(=O)O)C(=O)CSCc2ccc(cc2)F,Caspase,6.6
CHEMBL66937,CCN(CC)S(=O)(=O)c1cc(cnc1)C(=O)NC(CC(=O)O)C(=O)CSCc2ccc(cc2)F,Caspase,6.77
CHEMBL422409,c1ccc(cc1)CSCC(=O)C(CC(=O)O)NC(=O)c2cc(cnc2)Br,Caspase,5.96
CHEMBL300369,c1ccc(cc1)OCC2CCCN2S(=O)(=O)c3ccc4c(c3)C(=O)C(=O)N4Cc5ccncc5,Caspase,8.38
CHEMBL1907830,c1ccc(cc1)NCC2CCCN2S(=O)(=O)c3ccc4c(c3)C(=O)C(=O)N4,Caspase,7.51
CHEMBL60671,CC(C)(C)OC(=O)CN1c2ccc(cc2C(=O)C1=O)S(=O)(=O)N3CCCC3COc4ccccc4,Caspase,8.516666
CHEMBL68251,c1ccc2c(c1)cccc2C(=O)OCC(=O)C(CC(=O)O)NC(=O)c3cc(cnc3)S(=O)(=O)NC4CC4,Caspase,6.89
CHEMBL293460,CN(CCOC)S(=O)(=O)c1ccc2c(c1)C(=O)C(=O)N2,Caspase,6.04
CHEMBL67955,c1c(cncc1Br)C(=O)NC(CC(=O)O)C=O,Caspase,5.22
CHEMBL67186,c1ccc(cc1)C(=O)NC(CC(=O)O)C=O,Caspase,4.64
CHEMBL61815,COC(=O)C1CCCN1S(=O)(=O)c2ccc3c(c2)C(=O)C(=O)N3,Caspase,6.77
CHEMBL293034,CN1c2ccc(cc2C(=O)C1=O)S(=O)(=O)N3CCCC3COc4ccccc4,Caspase,6.178571
CHEMBL64413,CN1c2ccc(cc2C(=O)C1=O)I,Caspase,5.16
CHEMBL63493,c1ccc(cc1)SCC2CCCN2S(=O)(=O)c3ccc4c(c3)C(=O)C(=O)N4,Caspase,7.36
CHEMBL439753,c1ccc(cc1)CN2c3ccc(cc3C(=O)C2=O)S(=O)(=O)N4CCCC4COc5ccccc5,Caspase,8.065
CHEMBL66048,c1cc(ccc1CSCC(=O)C(CC(=O)O)NC(=O)c2cc(cnc2)S(=O)(=O)NC3CC3)F,Caspase,6.4
CHEMBL60190,COCC1CCCN1S(=O)(=O)c2ccc3c(c2)C(=O)C(=O)N3,Caspase,6.9866667
CHEMBL302461,c1cc2c(cc1S(=O)(=O)N3CCCCCC3)C(=O)C(=O)N2,Caspase,5.72
CHEMBL306452,c1cc(ccc1CSCC(=O)C(CC(=O)O)NC(=O)c2cc(cnc2)Br)F,Caspase,5.92
CHEMBL303864,CCCN(CCC)S(=O)(=O)c1cc(cnc1)C(=O)NC(CC(=O)O)C(=O)CSCc2ccc(cc2)F,Caspase,6.77
CHEMBL305545,c1cc2c(cc1S(=O)(=O)N3CCCC3)C(=O)C(=O)N2,Caspase,5.55
CHEMBL292058,c1ccc(cc1)OCC2CCCN2S(=O)(=O)c3ccc4c(c3)C(=O)C(=O)N4CC(=O)O,Caspase,6.77
CHEMBL68379,c1cc(c(c(c1)F)CNCC(=O)C(CC(=O)O)NC(=O)c2cc(cnc2)S(=O)(=O)NC3CC3)F,Caspase,6.28
CHEMBL417149,CC(C)C(C(=O)NC(CC(=O)O)C=O)NC(=O)C(CCC(=O)O)NC(=O)C(CC(=O)O)NC(=O)C,Caspase,8.189
CHEMBL306915,c1ccc(cc1)CCCC(=O)C(CC(=O)O)NC(=O)c2cc(cnc2)Br,Caspase,4.86
CHEMBL67398,c1cc(cnc1)C(=O)NC(CC(=O)O)C=O,Caspase,5.0
CHEMBL64582,CN1c2ccc(cc2C(=O)C1=O)C(=O)OC,Caspase,4.82
CHEMBL64219,C=CCN1c2ccc(cc2C(=O)C1=O)S(=O)(=O)N3CCCC3COc4ccccc4,Caspase,8.3133335
CHEMBL322183,CC(C)CC(C(=O)NC1CC(=O)OC1O)NC(=O)COc2ccc(cc2)Cc3ccccc3,Caspase,6.46
CHEMBL318791,CC(C)CC(C(=O)NC1CC(=O)OC1O)NC(=O)Cc2cccc3c2cccc3,Caspase,6.07
CHEMBL316465,CC(C)CC(C(=O)NC1CC(=O)OC1O)NC(=O)CCSc2cccc3c2cccc3,Caspase,6.39
CHEMBL100578,CC(C)CC(C(=O)NC1CC(=O)OC1O)NC(=O)COc2c3ccccc3ccn2,Caspase,5.8
CHEMBL100802,CC(C)CC(C(=O)NC1CC(=O)OC1O)NC(=O)CCOc2ccc3ccccc3c2,Caspase,6.04
CHEMBL100927,CC(C)CC(C(=O)NC1CC(=O)OC1O)NC(=O)COc2ccnc3c2cccc3,Caspase,6.64
CHEMBL101220,CC(C)CC(C(=O)NC1CC(=O)OC1O)NC(=O)c2ccc3ccccc3c2,Caspase,5.17
CHEMBL99999,CC(C)CC(C(=O)NC1CC(=O)OC1O)NC(=O)COc2ccc(cc2)C3CCCC3,Caspase,6.5
CHEMBL101728,CC(C)CC(C(=O)NC1CC(=O)OC1O)NC(=O)CCSc2ccc3ccccc3c2,Caspase,6.08
CHEMBL102005,CC(C)CC(C(=O)NC1CC(=O)OC1O)NC(=O)COc2ccccc2Cc3ccccc3,Caspase,6.31
CHEMBL102901,CC(C)CC(C(=O)NC1CC(=O)OC1O)NC(=O)CCOc2cccc3c2cccc3,Caspase,7.23
CHEMBL433416,CC(C)CC(C(=O)NC1CC(=O)OC1O)NC(=O)Cc2ccc(cc2)c3ccccc3,Caspase,5.3
CHEMBL100769,CC(C)CC(C(=O)NC1CC(=O)OC1O)NC(=O)CCCc2ccc3ccccc3c2,Caspase,5.56
CHEMBL101341,CC(C)CC(C(=O)NC1CC(=O)OC1O)NC(=O)COc2cccc3c2nccc3,Caspase,6.83
CHEMBL318887,CC(C)CC(C(=O)NC1CC(=O)OC1O)NC(=O)CC(=O)c2cccc3c2cccc3,Caspase,6.02
CHEMBL101141,CC(C)CC(C(=O)NC1CC(=O)OC1O)NC(=O)COc2ccccc2OCc3ccccc3,Caspase,6.65
